150000,QD,01.11.1980,2.3700
"150000,QD,08.11.1980,   2.7500",,,
"150000,QD,15.11.1980,   1.9900",,,
"150000,QD,22.11.1980,   2.9400",,,
"150000,QD,29.11.1980,   2.1800",,,
"150000,QD,06.12.1980,   1.9900",,,
"150000,QD,13.12.1980,   2.1800",,,
"150000,QD,20.12.1980,   3.1300",,,
"150000,QD,27.12.1980,   4.7800",,,
"150000,QD,03.01.1981,   2.9400",,,
"150000,QD,10.01.1981,   1.9900",,,
"150000,QD,17.01.1981,   2.3700",,,
"150000,QD,24.01.1981,   1.9900",,,
"150000,QD,31.01.1981,   2.5600",,,
"150000,QD,07.02.1981,   3.5100",,,
"150000,QD,14.02.1981,   5.0500",,,
"150000,QD,21.02.1981,   2.7500",,,
"150000,QD,28.02.1981,   2.3700",,,
"150000,QD,07.03.1981,   2.5600",,,
"150000,QD,14.03.1981,  24.4000",,,
"150000,QD,21.03.1981,   7.8800",,,
"150000,QD,28.03.1981,   6.7700",,,
"150000,QD,04.04.1981,   3.3200",,,
"150000,QD,11.04.1981,   3.3200",,,
"150000,QD,18.04.1981,   2.5600",,,
"150000,QD,25.04.1981,   2.5600",,,
"150000,QD,02.05.1981,   2.9400",,,
"150000,QD,09.05.1981,   1.6500",,,
"150000,QD,16.05.1981,   1.6500",,,
"150000,QD,23.05.1981,   3.3200",,,
"150000,QD,30.05.1981,   1.9900",,,
"150000,QD,06.06.1981,   1.1000",,,
"150000,QD,13.06.1981,   1.2300",,,
"150000,QD,20.06.1981,   0.9700",,,
"150000,QD,27.06.1981,   0.9700",,,
"150000,QD,04.07.1981,   1.9900",,,
"150000,QD,11.07.1981,   0.8400",,,
"150000,QD,18.07.1981,   1.1000",,,
"150000,QD,25.07.1981,  14.6000",,,
"150000,QD,01.08.1981,   4.2400",,,
"150000,QD,08.08.1981,   2.1800",,,
"150000,QD,15.08.1981,   6.7700",,,
"150000,QD,22.08.1981,   2.9400",,,
"150000,QD,29.08.1981,   4.5100",,,
"150000,QD,05.09.1981,   1.9900",,,
"150000,QD,12.09.1981,   2.3700",,,
"150000,QD,19.09.1981,   2.9400",,,
"150000,QD,26.09.1981,   3.9700",,,
"150000,QD,03.10.1981,   4.5100",,,
"150000,QD,10.10.1981,   3.7000",,,
"150000,QD,17.10.1981,  10.9000",,,
"150000,QD,24.10.1981,  16.4000",,,
"150000,QD,31.10.1981,  13.0000",,,
"150000,QD,07.11.1981,   7.8800",,,
"150000,QD,14.11.1981,   8.9900",,,
"150000,QD,21.11.1981,  10.1000",,,
"150000,QD,28.11.1981,  10.1000",,,
"150000,QD,05.12.1981,   9.7300",,,
"150000,QD,12.12.1981,  12.6000",,,
"150000,QD,19.12.1981,   8.6200",,,
"150000,QD,26.12.1981,   6.7700",,,
"150000,QD,02.01.1982,   9.3600",,,
"150000,QD,09.01.1982,  20.3000",,,
"150000,QD,16.01.1982,  13.0000",,,
"150000,QD,23.01.1982,   9.7300",,,
"150000,QD,30.01.1982,   8.2500",,,
"150000,QD,06.02.1982,   4.5100",,,
"150000,QD,13.02.1982,   5.3200",,,
"150000,QD,20.02.1982,   3.1300",,,
"150000,QD,27.02.1982,   2.5600",,,
"150000,QD,06.03.1982,   5.3200",,,
"150000,QD,13.03.1982,   5.5900",,,
"150000,QD,20.03.1982,  13.8000",,,
"150000,QD,27.03.1982,   9.7300",,,
"150000,QD,03.04.1982,  16.8000",,,
"150000,QD,10.04.1982,  11.3000",,,
"150000,QD,17.04.1982,   6.7700",,,
"150000,QD,24.04.1982,   4.7800",,,
"150000,QD,01.05.1982,   4.5100",,,
"150000,QD,08.05.1982,   2.7500",,,
"150000,QD,15.05.1982,   4.2400",,,
"150000,QD,22.05.1982,   2.7500",,,
"150000,QD,29.05.1982,   1.9900",,,
"150000,QD,05.06.1982,   1.8000",,,
"150000,QD,12.06.1982,   2.9400",,,
"150000,QD,19.06.1982,   3.1300",,,
"150000,QD,26.06.1982,   1.6500",,,
"150000,QD,03.07.1982,   2.9400",,,
"150000,QD,10.07.1982,   1.6500",,,
"150000,QD,17.07.1982,   1.2300",,,
"150000,QD,24.07.1982,   5.0500",,,
"150000,QD,31.07.1982,   4.5100",,,
"150000,QD,07.08.1982,  10.9000",,,
"150000,QD,14.08.1982,   5.8600",,,
"150000,QD,21.08.1982,   5.8600",,,
"150000,QD,28.08.1982,   3.3200",,,
"150000,QD,04.09.1982,   3.3200",,,
"150000,QD,11.09.1982,   3.1300",,,
"150000,QD,18.09.1982,   1.6500",,,
"150000,QD,25.09.1982,   3.5100",,,
"150000,QD,02.10.1982,   2.7500",,,
"150000,QD,09.10.1982,   2.9400",,,
"150000,QD,16.10.1982,   3.9700",,,
"150000,QD,23.10.1982,   1.9900",,,
"150000,QD,30.10.1982,   2.1800",,,
"150000,QD,06.11.1982,   1.6500",,,
"150000,QD,13.11.1982,   1.8000",,,
"150000,QD,20.11.1982,   1.9900",,,
"150000,QD,27.11.1982,   2.1800",,,
"150000,QD,04.12.1982,   1.9900",,,
"150000,QD,11.12.1982,   5.5900",,,
"150000,QD,18.12.1982,   6.7700",,,
"150000,QD,25.12.1982,   4.2400",,,
"150000,QD,01.01.1983,   3.5100",,,
"150000,QD,08.01.1983,   5.3200",,,
"150000,QD,15.01.1983,   3.7000",,,
"150000,QD,22.01.1983,   3.7000",,,
"150000,QD,29.01.1983,   3.9700",,,
"150000,QD,05.02.1983,   4.5100",,,
"150000,QD,12.02.1983,   3.5100",,,
"150000,QD,19.02.1983,   2.3700",,,
"150000,QD,26.02.1983,   2.5600",,,
"150000,QD,05.03.1983,   5.5900",,,
"150000,QD,12.03.1983,   6.4000",,,
"150000,QD,19.03.1983,   4.2400",,,
"150000,QD,26.03.1983,   5.8600",,,
"150000,QD,02.04.1983,   5.3200",,,
"150000,QD,09.04.1983,   7.1400",,,
"150000,QD,16.04.1983,   8.6200",,,
"150000,QD,23.04.1983,   4.5100",,,
"150000,QD,30.04.1983,   2.9400",,,
"150000,QD,07.05.1983,   3.1300",,,
"150000,QD,14.05.1983,   3.9700",,,
"150000,QD,21.05.1983,   1.8000",,,
"150000,QD,28.05.1983,   2.1800",,,
"150000,QD,04.06.1983,   2.3700",,,
"150000,QD,11.06.1983,   1.5000",,,
"150000,QD,18.06.1983,   5.8600",,,
"150000,QD,25.06.1983,   1.8000",,,
"150000,QD,02.07.1983,   2.3700",,,
"150000,QD,09.07.1983,   3.3200",,,
"150000,QD,16.07.1983,   2.1800",,,
"150000,QD,23.07.1983,   1.2300",,,
"150000,QD,30.07.1983,   0.9700",,,
"150000,QD,06.08.1983,   7.5100",,,
"150000,QD,13.08.1983,   3.5100",,,
"150000,QD,20.08.1983,   1.3600",,,
"150000,QD,27.08.1983,   1.3600",,,
"150000,QD,03.09.1983,   1.2300",,,
"150000,QD,10.09.1983,   1.3600",,,
"150000,QD,17.09.1983,   1.5000",,,
"150000,QD,24.09.1983,   1.3600",,,
"150000,QD,01.10.1983,   1.2300",,,
"150000,QD,08.10.1983,   1.9900",,,
"150000,QD,15.10.1983,   2.1800",,,
"150000,QD,22.10.1983,   2.7500",,,
"150000,QD,29.10.1983,   1.5000",,,
"150000,QD,05.11.1983,   1.3600",,,
"150000,QD,12.11.1983,   1.3600",,,
"150000,QD,19.11.1983,   1.1000",,,
"150000,QD,26.11.1983,   1.2300",,,
"150000,QD,03.12.1983,   1.2300",,,
"150000,QD,10.12.1983,   1.3600",,,
"150000,QD,17.12.1983,   1.1000",,,
"150000,QD,24.12.1983,   1.3600",,,
"150000,QD,31.12.1983,   1.3600",,,
"150000,QD,07.01.1984,   1.2300",,,
"150000,QD,14.01.1984,   1.2300",,,
"150000,QD,21.01.1984,   1.8000",,,
"150000,QD,28.01.1984,   1.1000",,,
"150000,QD,04.02.1984,   2.5600",,,
"150000,QD,11.02.1984,   5.3200",,,
"150000,QD,18.02.1984,   0.9700",,,
"150000,QD,25.02.1984,   1.3600",,,
"150000,QD,03.03.1984,   2.1800",,,
"150000,QD,10.03.1984,   1.8000",,,
"150000,QD,17.03.1984,   2.3700",,,
"150000,QD,24.03.1984,   1.9900",,,
"150000,QD,31.03.1984,  12.6000",,,
"150000,QD,07.04.1984,   6.4000",,,
"150000,QD,14.04.1984,   7.8800",,,
"150000,QD,21.04.1984,   6.7700",,,
"150000,QD,28.04.1984,   2.5600",,,
"150000,QD,05.05.1984,   2.3700",,,
"150000,QD,12.05.1984,   3.9700",,,
"150000,QD,19.05.1984,   3.9700",,,
"150000,QD,26.05.1984,   4.5100",,,
"150000,QD,02.06.1984,   3.3200",,,
"150000,QD,09.06.1984,   1.9900",,,
"150000,QD,16.06.1984,   2.3700",,,
"150000,QD,23.06.1984,   1.5000",,,
"150000,QD,30.06.1984,   1.5000",,,
"150000,QD,07.07.1984,   1.3600",,,
"150000,QD,14.07.1984,   1.3600",,,
"150000,QD,21.07.1984,   1.1000",,,
"150000,QD,28.07.1984,   1.1000",,,
"150000,QD,04.08.1984,   1.1000",,,
"150000,QD,11.08.1984,   1.3600",,,
"150000,QD,18.08.1984,   1.8000",,,
"150000,QD,25.08.1984,   1.2300",,,
"150000,QD,01.09.1984,   1.3600",,,
"150000,QD,08.09.1984,   1.9900",,,
"150000,QD,15.09.1984,   2.9400",,,
"150000,QD,22.09.1984,   5.5900",,,
"150000,QD,29.09.1984,   3.3200",,,
"150000,QD,06.10.1984,   4.2400",,,
"150000,QD,13.10.1984,   3.1300",,,
"150000,QD,20.10.1984,   2.1800",,,
"150000,QD,27.10.1984,   2.7500",,,
"150000,QD,03.11.1984,   1.9900",,,
"150000,QD,10.11.1984,   1.6500",,,
"150000,QD,17.11.1984,   1.5000",,,
"150000,QD,24.11.1984,   2.5600",,,
"150000,QD,01.12.1984,   1.9900",,,
"150000,QD,08.12.1984,   1.9900",,,
"150000,QD,15.12.1984,   1.8000",,,
"150000,QD,22.12.1984,   1.5000",,,
"150000,QD,29.12.1984,   1.2300",,,
"150000,QD,05.01.1985,   0.9700",,,
"150000,QD,12.01.1985,   0.8400",,,
"150000,QD,19.01.1985,   0.7500",,,
"150000,QD,26.01.1985,   1.2300",,,
"150000,QD,02.02.1985,   6.4000",,,
"150000,QD,09.02.1985,   1.2300",,,
"150000,QD,16.02.1985,   0.8400",,,
"150000,QD,23.02.1985,   0.9700",,,
"150000,QD,02.03.1985,   2.3700",,,
"150000,QD,09.03.1985,   2.5600",,,
"150000,QD,16.03.1985,   2.5600",,,
"150000,QD,23.03.1985,   7.5100",,,
"150000,QD,30.03.1985,   8.6200",,,
"150000,QD,06.04.1985,  10.1000",,,
"150000,QD,13.04.1985,   5.8600",,,
"150000,QD,20.04.1985,   3.1300",,,
"150000,QD,27.04.1985,   3.5100",,,
"150000,QD,04.05.1985,   5.0500",,,
"150000,QD,11.05.1985,   2.7500",,,
"150000,QD,18.05.1985,   2.3700",,,
"150000,QD,25.05.1985,   5.3200",,,
"150000,QD,01.06.1985,   6.4000",,,
"150000,QD,08.06.1985,   3.3200",,,
"150000,QD,15.06.1985,   2.5600",,,
"150000,QD,22.06.1985,   1.9900",,,
"150000,QD,29.06.1985,   4.2400",,,
"150000,QD,06.07.1985,   2.1800",,,
"150000,QD,13.07.1985,   1.8000",,,
"150000,QD,20.07.1985,   1.3600",,,
"150000,QD,27.07.1985,   1.2300",,,
"150000,QD,03.08.1985,   1.2300",,,
"150000,QD,10.08.1985,   8.7600",,,
"150000,QD,17.08.1985,   3.1400",,,
"150000,QD,24.08.1985,   4.5000",,,
"150000,QD,31.08.1985,   4.5000",,,
"150000,QD,07.09.1985,   3.7000",,,
"150000,QD,14.09.1985,   2.2800",,,
"150000,QD,21.09.1985,   1.9600",,,
"150000,QD,28.09.1985,   1.9600",,,
"150000,QD,05.10.1985,   2.1200",,,
"150000,QD,12.10.1985,   1.8000",,,
"150000,QD,19.10.1985,   3.1400",,,
"150000,QD,26.10.1985,   3.1400",,,
"150000,QD,02.11.1985,   1.9700",,,
"150000,QD,09.11.1985,   2.0600",,,
"150000,QD,16.11.1985,   2.1700",,,
"150000,QD,23.11.1985,   1.5800",,,
"150000,QD,30.11.1985,   1.7600",,,
"150000,QD,07.12.1985,   7.7400",,,
"150000,QD,14.12.1985,   4.5000",,,
"150000,QD,21.12.1985,   7.5600",,,
"150000,QD,28.12.1985,   5.8500",,,
"150000,QD,04.01.1986,   4.2300",,,
"150000,QD,11.01.1986,   2.1700",,,
"150000,QD,18.01.1986,   6.6700",,,
"150000,QD,25.01.1986,  18.5000",,,
"150000,QD,01.02.1986,   4.5000",,,
"150000,QD,08.02.1986,   3.1400",,,
"150000,QD,15.02.1986,   1.5000",,,
"150000,QD,22.02.1986,   1.5000",,,
"150000,QD,01.03.1986,   2.1200",,,
"150000,QD,08.03.1986,  14.4000",,,
"150000,QD,15.03.1986,   6.3800",,,
"150000,QD,22.03.1986,   4.0500",,,
"150000,QD,29.03.1986,   7.8900",,,
"150000,QD,05.04.1986,  12.3000",,,
"150000,QD,12.04.1986,  11.8000",,,
"150000,QD,19.04.1986,  11.0000",,,
"150000,QD,26.04.1986,   6.4400",,,
"150000,QD,03.05.1986,   6.4400",,,
"150000,QD,10.05.1986,   1.9600",,,
"150000,QD,17.05.1986,   3.5000",,,
"150000,QD,24.05.1986,   2.9600",,,
"150000,QD,31.05.1986,  31.2000",,,
"150000,QD,07.06.1986,   7.4000",,,
"150000,QD,14.06.1986,  33.4000",,,
"150000,QD,21.06.1986,   9.1000",,,
"150000,QD,28.06.1986,   3.3200",,,
"150000,QD,05.07.1986,   1.9600",,,
"150000,QD,12.07.1986,   3.1400",,,
"150000,QD,19.07.1986,   5.0200",,,
"150000,QD,26.07.1986,   3.7000",,,
"150000,QD,02.08.1986,   1.3600",,,
"150000,QD,09.08.1986,   1.3600",,,
"150000,QD,16.08.1986,   1.2300",,,
"150000,QD,23.08.1986,   1.3600",,,
"150000,QD,30.08.1986,   1.6500",,,
"150000,QD,06.09.1986,   1.2300",,,
"150000,QD,13.09.1986,   1.2300",,,
"150000,QD,20.09.1986,   1.8000",,,
"150000,QD,27.09.1986,   1.8000",,,
"150000,QD,04.10.1986,   1.9600",,,
"150000,QD,11.10.1986,   2.2800",,,
"150000,QD,18.10.1986,   2.2800",,,
"150000,QD,25.10.1986,   2.6000",,,
"150000,QD,01.11.1986,   2.2800",,,
"150000,QD,08.11.1986,   1.6500",,,
"150000,QD,15.11.1986,   1.6500",,,
"150000,QD,22.11.1986,   2.6000",,,
"150000,QD,29.11.1986,   1.3600",,,
"150000,QD,06.12.1986,   1.2300",,,
"150000,QD,13.12.1986,   1.2300",,,
"150000,QD,20.12.1986,   1.8000",,,
"150000,QD,27.12.1986,   1.1000",,,
"150000,QD,03.01.1987,  10.6000",,,
"150000,QD,10.01.1987,   2.1200",,,
"150000,QD,17.01.1987,   1.1000",,,
"150000,QD,24.01.1987,   3.7000",,,
"150000,QD,31.01.1987,   1.6500",,,
"150000,QD,07.02.1987,   1.6500",,,
"150000,QD,14.02.1987,   5.8000",,,
"150000,QD,21.02.1987,   7.4000",,,
"150000,QD,28.02.1987,   5.0200",,,
"150000,QD,07.03.1987,   5.8000",,,
"150000,QD,14.03.1987,   3.7000",,,
"150000,QD,21.03.1987,   5.8000",,,
"150000,QD,28.03.1987,  32.8000",,,
"150000,QD,04.04.1987,  22.0000",,,
"150000,QD,11.04.1987,  23.5000",,,
"150000,QD,18.04.1987,  10.6000",,,
"150000,QD,25.04.1987,   7.7400",,,
"150000,QD,02.05.1987,   3.9000",,,
"150000,QD,09.05.1987,   7.0800",,,
"150000,QD,16.05.1987,   3.7000",,,
"150000,QD,23.05.1987,  15.8000",,,
"150000,QD,30.05.1987,   6.7600",,,
"150000,QD,06.06.1987,   6.4400",,,
"150000,QD,13.06.1987,   3.9000",,,
"150000,QD,20.06.1987,   3.9000",,,
"150000,QD,27.06.1987,   4.1000",,,
"150000,QD,04.07.1987,  12.3000",,,
"150000,QD,11.07.1987,   3.9000",,,
"150000,QD,18.07.1987,   1.9600",,,
"150000,QD,25.07.1987,   6.1200",,,
"150000,QD,01.08.1987,   4.7600",,,
"150000,QD,08.08.1987,   5.5400",,,
"150000,QD,15.08.1987,   2.9600",,,
"150000,QD,22.08.1987,   1.6600",,,
"150000,QD,29.08.1987,   1.8000",,,
"150000,QD,05.09.1987,   1.9600",,,
"150000,QD,12.09.1987,   2.2800",,,
"150000,QD,19.09.1987,   1.8000",,,
"150000,QD,26.09.1987,   1.6600",,,
"150000,QD,03.10.1987,   2.9600",,,
"150000,QD,10.10.1987,   2.6000",,,
"150000,QD,17.10.1987,   2.4400",,,
"150000,QD,24.10.1987,   2.4400",,,
"150000,QD,31.10.1987,   2.7800",,,
"150000,QD,07.11.1987,   2.6000",,,
"150000,QD,14.11.1987,   1.9600",,,
"150000,QD,21.11.1987,   2.4400",,,
"150000,QD,28.11.1987,   2.1200",,,
"150000,QD,05.12.1987,   1.9600",,,
"150000,QD,12.12.1987,   1.1000",,,
"150000,QD,19.12.1987,   8.7600",,,
"150000,QD,26.12.1987,   7.4000",,,
"150000,QD,02.01.1988,   4.7600",,,
"150000,QD,09.01.1988,   4.1000",,,
"150000,QD,16.01.1988,   2.1200",,,
"150000,QD,23.01.1988,   2.9600",,,
"150000,QD,30.01.1988,   6.4400",,,
"150000,QD,06.02.1988,   6.7500",,,
"150000,QD,13.02.1988,   5.2300",,,
"150000,QD,20.02.1988,   4.7400",,,
"150000,QD,27.02.1988,   3.5800",,,
"150000,QD,05.03.1988,   3.1300",,,
"150000,QD,12.03.1988,   3.8000",,,
"150000,QD,19.03.1988,  15.2000",,,
"150000,QD,26.03.1988,  24.6000",,,
"150000,QD,02.04.1988,  23.8000",,,
"150000,QD,09.04.1988,  20.6000",,,
"150000,QD,16.04.1988,  13.5000",,,
"150000,QD,23.04.1988,   8.6600",,,
"150000,QD,30.04.1988,   3.8000",,,
"150000,QD,07.05.1988,   2.0600",,,
"150000,QD,14.05.1988,   2.4800",,,
"150000,QD,21.05.1988,   3.5800",,,
"150000,QD,28.05.1988,   1.5500",,,
"150000,QD,04.06.1988,   1.7000",,,
"150000,QD,11.06.1988,   6.2300",,,
"150000,QD,18.06.1988,   3.3500",,,
"150000,QD,25.06.1988,   2.6900",,,
"150000,QD,02.07.1988,   3.8000",,,
"150000,QD,09.07.1988,   1.7000",,,
"150000,QD,16.07.1988,   3.3500",,,
"150000,QD,23.07.1988,   2.0600",,,
"150000,QD,30.07.1988,   3.5800",,,
"150000,QD,06.08.1988,   2.0600",,,
"150000,QD,13.08.1988,   1.8700",,,
"150000,QD,20.08.1988,   1.7000",,,
"150000,QD,27.08.1988,   2.0600",,,
"150000,QD,03.09.1988,   3.1300",,,
"150000,QD,10.09.1988,   2.4800",,,
"150000,QD,17.09.1988,   2.0600",,,
"150000,QD,24.09.1988,   1.8700",,,
"150000,QD,01.10.1988,   1.8700",,,
"150000,QD,08.10.1988,   1.7000",,,
"150000,QD,15.10.1988,   2.0600",,,
"150000,QD,22.10.1988,   2.2600",,,
"150000,QD,29.10.1988,   1.1400",,,
"150000,QD,05.11.1988,   1.5500",,,
"150000,QD,12.11.1988,   1.4000",,,
"150000,QD,19.11.1988,   1.8700",,,
"150000,QD,26.11.1988,   2.6900",,,
"150000,QD,03.12.1988,   2.9100",,,
"150000,QD,10.12.1988,   7.0100",,,
"150000,QD,17.12.1988,   4.7400",,,
"150000,QD,24.12.1988,   6.4900",,,
"150000,QD,31.12.1988,   7.5500",,,
"150000,QD,07.01.1989,   5.2300",,,
"150000,QD,14.01.1989,   4.7400",,,
"150000,QD,21.01.1989,   2.6900",,,
"150000,QD,28.01.1989,   2.0600",,,
"150000,QD,04.02.1989,   2.0600",,,
"150000,QD,11.02.1989,   2.2600",,,
"150000,QD,18.02.1989,   2.4800",,,
"150000,QD,25.02.1989,   4.7400",,,
"150000,QD,04.03.1989,   3.5800",,,
"150000,QD,11.03.1989,   4.7400",,,
"150000,QD,18.03.1989,   4.0300",,,
"150000,QD,25.03.1989,   2.6900",,,
"150000,QD,01.04.1989,   1.8700",,,
"150000,QD,08.04.1989,   3.3500",,,
"150000,QD,15.04.1989,   1.5500",,,
"150000,QD,22.04.1989,   2.9100",,,
"150000,QD,29.04.1989,   3.8000",,,
"150000,QD,06.05.1989,   5.2300",,,
"150000,QD,13.05.1989,   3.5800",,,
"150000,QD,20.05.1989,   2.6900",,,
"150000,QD,27.05.1989,   1.5500",,,
"150000,QD,03.06.1989,   4.0300",,,
"150000,QD,10.06.1989,   1.7000",,,
"150000,QD,17.06.1989,   1.8700",,,
"150000,QD,24.06.1989,   1.7000",,,
"150000,QD,01.07.1989,   1.7000",,,
"150000,QD,08.07.1989,   2.0600",,,
"150000,QD,15.07.1989,   1.8700",,,
"150000,QD,22.07.1989,   1.4000",,,
"150000,QD,29.07.1989,   8.1000",,,
"150000,QD,05.08.1989,   2.6900",,,
"150000,QD,12.08.1989,   2.6900",,,
"150000,QD,19.08.1989,   2.2600",,,
"150000,QD,26.08.1989,   1.8700",,,
"150000,QD,02.09.1989,   1.7000",,,
"150000,QD,09.09.1989,   4.7400",,,
"150000,QD,16.09.1989,   2.6900",,,
"150000,QD,23.09.1989,   1.7000",,,
"150000,QD,30.09.1989,   8.6600",,,
"150000,QD,07.10.1989,   4.9800",,,
"150000,QD,14.10.1989,   4.2700",,,
"150000,QD,21.10.1989,   3.1300",,,
"150000,QD,28.10.1989,   2.9100",,,
"150000,QD,04.11.1989,   2.6900",,,
"150000,QD,11.11.1989,   2.9100",,,
"150000,QD,18.11.1989,   1.7000",,,
"150000,QD,25.11.1989,   1.5500",,,
"150000,QD,02.12.1989,   1.2700",,,
"150000,QD,09.12.1989,   1.2700",,,
"150000,QD,16.12.1989,   9.5100",,,
"150000,QD,23.12.1989,   8.6600",,,
"150000,QD,30.12.1989,   2.6900",,,
"150000,QD,06.01.1990,   1.7000",,,
"150000,QD,13.01.1990,   1.8700",,,
"150000,QD,20.01.1990,   2.0600",,,
"150000,QD,27.01.1990,   4.5000",,,
"150000,QD,03.02.1990,   2.2600",,,
"150000,QD,10.02.1990,   2.0600",,,
"150000,QD,17.02.1990,   2.9100",,,
"150000,QD,24.02.1990,   6.7500",,,
"150000,QD,03.03.1990,  15.2000",,,
"150000,QD,10.03.1990,   9.8100",,,
"150000,QD,17.03.1990,   5.2300",,,
"150000,QD,24.03.1990,   4.5000",,,
"150000,QD,31.03.1990,   7.0100",,,
"150000,QD,07.04.1990,   2.9100",,,
"150000,QD,14.04.1990,   3.8000",,,
"150000,QD,21.04.1990,   3.5800",,,
"150000,QD,28.04.1990,   4.5000",,,
"150000,QD,05.05.1990,   2.9100",,,
"150000,QD,12.05.1990,   3.8000",,,
"150000,QD,19.05.1990,   2.6900",,,
"150000,QD,26.05.1990,   3.1300",,,
"150000,QD,02.06.1990,   1.5500",,,
"150000,QD,09.06.1990,   2.9100",,,
"150000,QD,16.06.1990,   3.1300",,,
"150000,QD,23.06.1990,   2.4800",,,
"150000,QD,30.06.1990,   1.2700",,,
"150000,QD,07.07.1990,   2.0600",,,
"150000,QD,14.07.1990,   1.1400",,,
"150000,QD,21.07.1990,   1.0200",,,
"150000,QD,28.07.1990,   0.8000",,,
"150000,QD,04.08.1990,   0.8000",,,
"150000,QD,11.08.1990,   0.9100",,,
"150000,QD,18.08.1990,   1.5500",,,
"150000,QD,25.08.1990,   1.0200",,,
"150000,QD,01.09.1990,   0.9100",,,
"150000,QD,08.09.1990,   1.0200",,,
"150000,QD,15.09.1990,   1.1400",,,
"150000,QD,22.09.1990,   1.1400",,,
"150000,QD,29.09.1990,   1.2700",,,
"150000,QD,06.10.1990,   2.2600",,,
"150000,QD,13.10.1990,   1.8700",,,
"150000,QD,20.10.1990,   2.2600",,,
"150000,QD,27.10.1990,   1.7000",,,
"150000,QD,03.11.1990,   2.2600",,,
"150000,QD,10.11.1990,   1.8700",,,
"150000,QD,17.11.1990,   1.5500",,,
"150000,QD,24.11.1990,   2.4800",,,
"150000,QD,01.12.1990,   2.9100",,,
"150000,QD,08.12.1990,   1.2700",,,
"150000,QD,15.12.1990,   1.8700",,,
"150000,QD,22.12.1990,   2.0600",,,
"150000,QD,29.12.1990,   2.2600",,,
"150000,QD,05.01.1991,   6.7500",,,
"150000,QD,12.01.1991,   7.2800",,,
"150000,QD,19.01.1991,   1.7000",,,
"150000,QD,26.01.1991,   2.0600",,,
"150000,QD,02.02.1991,   1.5500",,,
"150000,QD,09.02.1991,   1.0200",,,
"150000,QD,16.02.1991,   0.9100",,,
"150000,QD,23.02.1991,   1.0200",,,
"150000,QD,02.03.1991,   2.0600",,,
"150000,QD,09.03.1991,   2.2600",,,
"150000,QD,16.03.1991,   4.0300",,,
"150000,QD,23.03.1991,   4.2700",,,
"150000,QD,30.03.1991,   4.5000",,,
"150000,QD,06.04.1991,   4.5000",,,
"150000,QD,13.04.1991,   2.4800",,,
"150000,QD,20.04.1991,   2.0600",,,
"150000,QD,27.04.1991,   1.4000",,,
"150000,QD,04.05.1991,   4.5000",,,
"150000,QD,11.05.1991,   2.6900",,,
"150000,QD,18.05.1991,   3.3500",,,
"150000,QD,25.05.1991,   1.8700",,,
"150000,QD,01.06.1991,   1.7000",,,
"150000,QD,08.06.1991,   1.1400",,,
"150000,QD,15.06.1991,   1.7000",,,
"150000,QD,22.06.1991,   1.7000",,,
"150000,QD,29.06.1991,   5.4700",,,
"150000,QD,06.07.1991,   1.4400",,,
"150000,QD,13.07.1991,   2.2500",,,
"150000,QD,20.07.1991,   1.8200",,,
"150000,QD,27.07.1991,   1.9600",,,
"150000,QD,03.08.1991,  23.8000",,,
"150000,QD,10.08.1991,   7.2300",,,
"150000,QD,17.08.1991,   1.9600",,,
"150000,QD,24.08.1991,   2.2500",,,
"150000,QD,31.08.1991,   1.3200",,,
"150000,QD,07.09.1991,   1.2100",,,
"150000,QD,14.09.1991,   1.2100",,,
"150000,QD,21.09.1991,   1.1000",,,
"150000,QD,28.09.1991,   1.8200",,,
"150000,QD,05.10.1991,   1.6900",,,
"150000,QD,12.10.1991,   1.6900",,,
"150000,QD,19.10.1991,   2.4000",,,
"150000,QD,26.10.1991,   1.4400",,,
"150000,QD,02.11.1991,   1.4800",,,
"150000,QD,09.11.1991,   1.2300",,,
"150000,QD,16.11.1991,   1.5400",,,
"150000,QD,23.11.1991,   1.8800",,,
"150000,QD,30.11.1991,   1.5400",,,
"150000,QD,07.12.1991,   1.5600",,,
"150000,QD,14.12.1991,   1.0200",,,
"150000,QD,21.12.1991,   2.4200",,,
"150000,QD,28.12.1991,   5.9900",,,
"150000,QD,04.01.1992,   5.9400",,,
"150000,QD,11.01.1992,   5.7100",,,
"150000,QD,18.01.1992,   2.7800",,,
"150000,QD,25.01.1992,   1.8600",,,
"150000,QD,01.02.1992,   1.9900",,,
"150000,QD,08.02.1992,   2.6800",,,
"150000,QD,15.02.1992,   3.8600",,,
"150000,QD,22.02.1992,   2.4200",,,
"150000,QD,29.02.1992,   2.5900",,,
"150000,QD,07.03.1992,   3.8200",,,
"150000,QD,14.03.1992,   5.7300",,,
"150000,QD,21.03.1992,   7.2400",,,
"150000,QD,28.03.1992,   9.3000",,,
"150000,QD,04.04.1992,   8.7100",,,
"150000,QD,11.04.1992,   8.8000",,,
"150000,QD,18.04.1992,   5.7300",,,
"150000,QD,25.04.1992,   2.7600",,,
"150000,QD,02.05.1992,   3.7900",,,
"150000,QD,09.05.1992,   2.4200",,,
"150000,QD,16.05.1992,   1.5900",,,
"150000,QD,23.05.1992,   1.1000",,,
"150000,QD,30.05.1992,   0.9810",,,
"150000,QD,06.06.1992,   1.2300",,,
"150000,QD,13.06.1992,   1.3700",,,
"150000,QD,20.06.1992,   1.6000",,,
"150000,QD,27.06.1992,   1.3000",,,
"150000,QD,04.07.1992,   0.9450",,,
"150000,QD,11.07.1992,   1.9900",,,
"150000,QD,18.07.1992,   1.2300",,,
"150000,QD,25.07.1992,   1.0400",,,
"150000,QD,01.08.1992,   0.8900",,,
"150000,QD,08.08.1992,   0.9520",,,
"150000,QD,15.08.1992,   0.9330",,,
"150000,QD,22.08.1992,   0.8620",,,
"150000,QD,29.08.1992,   0.8540",,,
"150000,QD,05.09.1992,   0.8290",,,
"150000,QD,12.09.1992,   0.8020",,,
"150000,QD,19.09.1992,   0.9920",,,
"150000,QD,26.09.1992,   1.1300",,,
"150000,QD,03.10.1992,   1.8000",,,
"150000,QD,10.10.1992,   2.6400",,,
"150000,QD,17.10.1992,   2.3500",,,
"150000,QD,24.10.1992,   2.2100",,,
"150000,QD,31.10.1992,   4.2800",,,
"150000,QD,07.11.1992,   2.6800",,,
"150000,QD,14.11.1992,   1.9300",,,
"150000,QD,21.11.1992,   2.6700",,,
"150000,QD,28.11.1992,   5.9600",,,
"150000,QD,05.12.1992,   4.3600",,,
"150000,QD,12.12.1992,   4.4200",,,
"150000,QD,19.12.1992,   3.0500",,,
"150000,QD,26.12.1992,   2.1300",,,
"150000,QD,02.01.1993,   1.6200",,,
"150000,QD,09.01.1993,   2.8900",,,
"150000,QD,16.01.1993,   2.7400",,,
"150000,QD,23.01.1993,   3.5600",,,
"150000,QD,30.01.1993,   3.4300",,,
"150000,QD,06.02.1993,   1.5900",,,
"150000,QD,13.02.1993,   1.5600",,,
"150000,QD,20.02.1993,   2.7100",,,
"150000,QD,27.02.1993,   1.5200",,,
"150000,QD,06.03.1993,   1.4000",,,
"150000,QD,13.03.1993,   3.3600",,,
"150000,QD,20.03.1993,  18.3000",,,
"150000,QD,27.03.1993,   9.8400",,,
"150000,QD,03.04.1993,   7.3000",,,
"150000,QD,10.04.1993,   4.2800",,,
"150000,QD,17.04.1993,   3.3700",,,
"150000,QD,24.04.1993,   2.6100",,,
"150000,QD,01.05.1993,   1.7300",,,
"150000,QD,08.05.1993,   1.6900",,,
"150000,QD,15.05.1993,   1.0200",,,
"150000,QD,22.05.1993,   1.4600",,,
"150000,QD,29.05.1993,   2.6300",,,
"150000,QD,05.06.1993,   2.7200",,,
"150000,QD,12.06.1993,   2.3400",,,
"150000,QD,19.06.1993,   2.8200",,,
"150000,QD,26.06.1993,   1.8700",,,
"150000,QD,03.07.1993,   1.2400",,,
"150000,QD,10.07.1993,   2.0100",,,
"150000,QD,17.07.1993,   2.1700",,,
"150000,QD,24.07.1993,   4.9400",,,
"150000,QD,31.07.1993,   2.2200",,,
"150000,QD,07.08.1993,   1.4300",,,
"150000,QD,14.08.1993,   1.0200",,,
"150000,QD,21.08.1993,   0.9480",,,
"150000,QD,28.08.1993,   1.1000",,,
"150000,QD,04.09.1993,   2.1200",,,
"150000,QD,11.09.1993,   1.4400",,,
"150000,QD,18.09.1993,   1.6000",,,
"150000,QD,25.09.1993,   1.7400",,,
"150000,QD,02.10.1993,   2.5100",,,
"150000,QD,09.10.1993,   2.9700",,,
"150000,QD,16.10.1993,   2.4100",,,
"150000,QD,23.10.1993,   5.3100",,,
"150000,QD,30.10.1993,   4.9500",,,
"150000,QD,06.11.1993,   5.1100",,,
"150000,QD,13.11.1993,   3.8400",,,
"150000,QD,20.11.1993,   2.5700",,,
"150000,QD,27.11.1993,   1.8600",,,
"150000,QD,04.12.1993,   3.1300",,,
"150000,QD,11.12.1993,   5.5900",,,
"150000,QD,18.12.1993,   6.1000",,,
"150000,QD,25.12.1993,  29.9000",,,
"150000,QD,01.01.1994,  12.1000",,,
"150000,QD,08.01.1994,  10.7000",,,
"150000,QD,15.01.1994,   7.0100",,,
"150000,QD,22.01.1994,   3.5400",,,
"150000,QD,29.01.1994,   6.6200",,,
"150000,QD,05.02.1994,   5.1300",,,
"150000,QD,12.02.1994,   3.1100",,,
"150000,QD,19.02.1994,   1.0500",,,
"150000,QD,26.02.1994,   3.3200",,,
"150000,QD,05.03.1994,   5.2500",,,
"150000,QD,12.03.1994,   4.2300",,,
"150000,QD,19.03.1994,   5.1300",,,
"150000,QD,26.03.1994,   5.0200",,,
"150000,QD,02.04.1994,   4.0500",,,
"150000,QD,09.04.1994,   3.0400",,,
"150000,QD,16.04.1994,   5.8900",,,
"150000,QD,23.04.1994,   9.1400",,,
"150000,QD,30.04.1994,   4.7800",,,
"150000,QD,07.05.1994,   3.6400",,,
"150000,QD,14.05.1994,   2.4600",,,
"150000,QD,21.05.1994,   4.6600",,,
"150000,QD,28.05.1994,   3.0100",,,
"150000,QD,04.06.1994,   1.7400",,,
"150000,QD,11.06.1994,   1.6300",,,
"150000,QD,18.06.1994,   2.0000",,,
"150000,QD,25.06.1994,   1.0900",,,
"150000,QD,02.07.1994,   1.1600",,,
"150000,QD,09.07.1994,   1.1400",,,
"150000,QD,16.07.1994,   1.3600",,,
"150000,QD,23.07.1994,   0.9280",,,
"150000,QD,30.07.1994,   0.9240",,,
"150000,QD,06.08.1994,   0.8120",,,
"150000,QD,13.08.1994,   0.9010",,,
"150000,QD,20.08.1994,   0.8490",,,
"150000,QD,27.08.1994,   1.1600",,,
"150000,QD,03.09.1994,   1.1000",,,
"150000,QD,10.09.1994,   0.9430",,,
"150000,QD,17.09.1994,   0.9680",,,
"150000,QD,24.09.1994,   1.1900",,,
"150000,QD,01.10.1994,   1.7100",,,
"150000,QD,08.10.1994,   1.9400",,,
"150000,QD,15.10.1994,   2.3300",,,
"150000,QD,22.10.1994,   1.9200",,,
"150000,QD,29.10.1994,   1.7900",,,
"150000,QD,05.11.1994,   1.9200",,,
"150000,QD,12.11.1994,   1.5700",,,
"150000,QD,19.11.1994,   1.7400",,,
"150000,QD,26.11.1994,   1.5100",,,
"150000,QD,03.12.1994,   1.3900",,,
"150000,QD,10.12.1994,   1.1800",,,
"150000,QD,17.12.1994,   1.3300",,,
"150000,QD,24.12.1994,   1.3000",,,
"150000,QD,31.12.1994,   6.7100",,,
"150000,QD,07.01.1995,   2.5500",,,
"150000,QD,14.01.1995,   2.0900",,,
"150000,QD,21.01.1995,   1.5800",,,
"150000,QD,28.01.1995,   9.7800",,,
"150000,QD,04.02.1995,   8.4400",,,
"150000,QD,11.02.1995,   5.1500",,,
"150000,QD,18.02.1995,   3.7900",,,
"150000,QD,25.02.1995,   2.9800",,,
"150000,QD,04.03.1995,   3.2300",,,
"150000,QD,11.03.1995,   2.4500",,,
"150000,QD,18.03.1995,   2.6200",,,
"150000,QD,25.03.1995,   6.0700",,,
"150000,QD,01.04.1995,   6.7000",,,
"150000,QD,08.04.1995,   8.1600",,,
"150000,QD,15.04.1995,   8.0000",,,
"150000,QD,22.04.1995,   6.4600",,,
"150000,QD,29.04.1995,   4.6900",,,
"150000,QD,06.05.1995,   2.6600",,,
"150000,QD,13.05.1995,   4.5200",,,
"150000,QD,20.05.1995,   4.2000",,,
"150000,QD,27.05.1995,   2.5200",,,
"150000,QD,03.06.1995,  32.7000",,,
"150000,QD,10.06.1995,  30.7000",,,
"150000,QD,17.06.1995,  10.6000",,,
"150000,QD,24.06.1995,   6.9700",,,
"150000,QD,01.07.1995,   5.5300",,,
"150000,QD,08.07.1995,   2.6400",,,
"150000,QD,15.07.1995,   2.9600",,,
"150000,QD,22.07.1995,   1.3200",,,
"150000,QD,29.07.1995,   1.9400",,,
"150000,QD,05.08.1995,   1.5900",,,
"150000,QD,12.08.1995,   1.2700",,,
"150000,QD,19.08.1995,   1.3500",,,
"150000,QD,26.08.1995,   1.9400",,,
"150000,QD,02.09.1995,  13.1000",,,
"150000,QD,09.09.1995,   6.2500",,,
"150000,QD,16.09.1995,   7.6600",,,
"150000,QD,23.09.1995,   4.6200",,,
"150000,QD,30.09.1995,   3.6100",,,
"150000,QD,07.10.1995,   3.7100",,,
"150000,QD,14.10.1995,   3.9100",,,
"150000,QD,21.10.1995,   3.7000",,,
"150000,QD,28.10.1995,   2.8300",,,
"150000,QD,04.11.1995,   3.2000",,,
"150000,QD,11.11.1995,   4.2700",,,
"150000,QD,18.11.1995,   6.1500",,,
"150000,QD,25.11.1995,   3.2400",,,
"150000,QD,02.12.1995,   5.5600",,,
"150000,QD,09.12.1995,   4.5800",,,
"150000,QD,16.12.1995,   3.6800",,,
"150000,QD,23.12.1995,   5.8300",,,
"150000,QD,30.12.1995,  11.9000",,,
"150000,QD,06.01.1996,   4.7800",,,
"150000,QD,13.01.1996,   3.6400",,,
"150000,QD,20.01.1996,   2.2600",,,
"150000,QD,27.01.1996,   2.0100",,,
"150000,QD,03.02.1996,   1.8600",,,
"150000,QD,10.02.1996,   1.7400",,,
"150000,QD,17.02.1996,   1.4200",,,
"150000,QD,24.02.1996,   1.5000",,,
"150000,QD,02.03.1996,   1.5100",,,
"150000,QD,09.03.1996,   1.5900",,,
"150000,QD,16.03.1996,   2.1100",,,
"150000,QD,23.03.1996,  13.5000",,,
"150000,QD,30.03.1996,  12.7000",,,
"150000,QD,06.04.1996,  12.7000",,,
"150000,QD,13.04.1996,  21.4000",,,
"150000,QD,20.04.1996,  14.3000",,,
"150000,QD,27.04.1996,   9.3400",,,
"150000,QD,04.05.1996,   7.8100",,,
"150000,QD,11.05.1996,  12.0000",,,
"150000,QD,18.05.1996,  32.2000",,,
"150000,QD,25.05.1996,   9.6900",,,
"150000,QD,01.06.1996,   6.0600",,,
"150000,QD,08.06.1996,   7.6900",,,
"150000,QD,15.06.1996,   6.1800",,,
"150000,QD,22.06.1996,   4.9200",,,
"150000,QD,29.06.1996,   4.5400",,,
"150000,QD,06.07.1996,   3.0100",,,
"150000,QD,13.07.1996,  11.3000",,,
"150000,QD,20.07.1996,   3.6300",,,
"150000,QD,27.07.1996,   2.7400",,,
"150000,QD,03.08.1996,  10.9000",,,
"150000,QD,10.08.1996,   4.1200",,,
"150000,QD,17.08.1996,   5.6400",,,
"150000,QD,24.08.1996,   3.0200",,,
"150000,QD,31.08.1996,   3.7200",,,
"150000,QD,07.09.1996,   4.9800",,,
"150000,QD,14.09.1996,   3.6700",,,
"150000,QD,21.09.1996,   4.0600",,,
"150000,QD,28.09.1996,   3.9600",,,
"150000,QD,05.10.1996,   3.4800",,,
"150000,QD,12.10.1996,   4.3600",,,
"150000,QD,19.10.1996,   4.0500",,,
"150000,QD,26.10.1996,  13.4000",,,
"150000,QD,02.11.1996,   8.7400",,,
"150000,QD,09.11.1996,   7.4500",,,
"150000,QD,16.11.1996,  10.3000",,,
"150000,QD,23.11.1996,   6.3300",,,
"150000,QD,30.11.1996,   5.6800",,,
"150000,QD,07.12.1996,   4.1100",,,
"150000,QD,14.12.1996,   3.4100",,,
"150000,QD,21.12.1996,   6.9800",,,
"150000,QD,28.12.1996,   2.0900",,,
"150000,QD,04.01.1997,   1.4500",,,
"150000,QD,11.01.1997,   1.4100",,,
"150000,QD,18.01.1997,   1.3300",,,
"150000,QD,25.01.1997,   1.9600",,,
"150000,QD,01.02.1997,   1.6300",,,
"150000,QD,08.02.1997,   2.1700",,,
"150000,QD,15.02.1997,  12.5000",,,
"150000,QD,22.02.1997,   8.0300",,,
"150000,QD,01.03.1997,  14.7000",,,
"150000,QD,08.03.1997,   9.9500",,,
"150000,QD,15.03.1997,   6.6700",,,
"150000,QD,22.03.1997,  14.5000",,,
"150000,QD,29.03.1997,  10.6000",,,
"150000,QD,05.04.1997,   7.5300",,,
"150000,QD,12.04.1997,   6.1800",,,
"150000,QD,19.04.1997,   4.8700",,,
"150000,QD,26.04.1997,   4.4800",,,
"150000,QD,03.05.1997,   6.0500",,,
"150000,QD,10.05.1997,   5.2200",,,
"150000,QD,17.05.1997,   1.9100",,,
"150000,QD,24.05.1997,   2.8200",,,
"150000,QD,31.05.1997,   1.8000",,,
"150000,QD,07.06.1997,   1.4400",,,
"150000,QD,14.06.1997,   1.8300",,,
"150000,QD,21.06.1997,   5.4900",,,
"150000,QD,28.06.1997,   2.6000",,,
"150000,QD,05.07.1997,   2.6700",,,
"150000,QD,12.07.1997,   2.7400",,,
"150000,QD,19.07.1997,   8.4600",,,
"150000,QD,26.07.1997,   9.9100",,,
"150000,QD,02.08.1997,   4.1900",,,
"150000,QD,09.08.1997,   2.7300",,,
"150000,QD,16.08.1997,   2.2800",,,
"150000,QD,23.08.1997,   3.2700",,,
"150000,QD,30.08.1997,   3.7900",,,
"150000,QD,06.09.1997,   1.8900",,,
"150000,QD,13.09.1997,   1.7100",,,
"150000,QD,20.09.1997,   1.9400",,,
"150000,QD,27.09.1997,   2.3500",,,
"150000,QD,04.10.1997,   2.1200",,,
"150000,QD,11.10.1997,   3.1300",,,
"150000,QD,18.10.1997,   3.2800",,,
"150000,QD,25.10.1997,   3.2400",,,
"150000,QD,01.11.1997,   2.6800",,,
"150000,QD,08.11.1997,   2.1200",,,
"150000,QD,15.11.1997,   1.8900",,,
"150000,QD,22.11.1997,   1.7600",,,
"150000,QD,29.11.1997,   1.9100",,,
"150000,QD,06.12.1997,   3.0000",,,
"150000,QD,13.12.1997,   6.5500",,,
"150000,QD,20.12.1997,   3.6200",,,
"150000,QD,27.12.1997,   4.6500",,,
"150000,QD,03.01.1998,   4.9800",,,
"150000,QD,10.01.1998,   4.0600",,,
"150000,QD,17.01.1998,   2.7100",,,
"150000,QD,24.01.1998,   2.5900",,,
"150000,QD,31.01.1998,   1.7200",,,
"150000,QD,07.02.1998,   1.3000",,,
"150000,QD,14.02.1998,   4.2800",,,
"150000,QD,21.02.1998,   2.2700",,,
"150000,QD,28.02.1998,   2.6100",,,
"150000,QD,07.03.1998,   2.6000",,,
"150000,QD,14.03.1998,   2.2600",,,
"150000,QD,21.03.1998,  10.4000",,,
"150000,QD,28.03.1998,   4.6300",,,
"150000,QD,04.04.1998,   3.5500",,,
"150000,QD,11.04.1998,   3.0200",,,
"150000,QD,18.04.1998,   2.3900",,,
"150000,QD,25.04.1998,   2.1100",,,
"150000,QD,02.05.1998,   1.5400",,,
"150000,QD,09.05.1998,   1.6400",,,
"150000,QD,16.05.1998,   1.1300",,,
"150000,QD,23.05.1998,   2.5200",,,
"150000,QD,30.05.1998,   1.1700",,,
"150000,QD,06.06.1998,   1.2100",,,
"150000,QD,13.06.1998,   5.8400",,,
"150000,QD,20.06.1998,   3.4200",,,
"150000,QD,27.06.1998,   2.5800",,,
"150000,QD,04.07.1998,   1.2000",,,
"150000,QD,11.07.1998,   1.3900",,,
"150000,QD,18.07.1998,   1.2400",,,
"150000,QD,25.07.1998,   1.1900",,,
"150000,QD,01.08.1998,   1.2500",,,
"150000,QD,08.08.1998,   1.1300",,,
"150000,QD,15.08.1998,   1.1500",,,
"150000,QD,22.08.1998,   0.8730",,,
"150000,QD,29.08.1998,   0.9500",,,
"150000,QD,05.09.1998,   1.1600",,,
"150000,QD,12.09.1998,   1.4700",,,
"150000,QD,19.09.1998,   1.4600",,,
"150000,QD,26.09.1998,   1.1700",,,
"150000,QD,03.10.1998,   1.7600",,,
"150000,QD,10.10.1998,   1.8600",,,
"150000,QD,17.10.1998,   2.0100",,,
"150000,QD,24.10.1998,   1.7800",,,
"150000,QD,31.10.1998,   9.3300",,,
"150000,QD,07.11.1998,   4.2900",,,
"150000,QD,14.11.1998,   3.5200",,,
"150000,QD,21.11.1998,   2.6700",,,
"150000,QD,28.11.1998,   2.8200",,,
"150000,QD,05.12.1998,   2.0900",,,
"150000,QD,12.12.1998,   1.7200",,,
"150000,QD,19.12.1998,   3.3700",,,
"150000,QD,26.12.1998,   3.0600",,,
"150000,QD,02.01.1999,   2.5500",,,
"150000,QD,09.01.1999,   3.2900",,,
"150000,QD,16.01.1999,   2.8300",,,
"150000,QD,23.01.1999,   2.3800",,,
"150000,QD,30.01.1999,   2.0200",,,
"150000,QD,06.02.1999,   6.6000",,,
"150000,QD,13.02.1999,   2.2000",,,
"150000,QD,20.02.1999,   4.1600",,,
"150000,QD,27.02.1999,   4.9400",,,
"150000,QD,06.03.1999,  12.3000",,,
"150000,QD,13.03.1999,  11.1000",,,
"150000,QD,20.03.1999,   5.6200",,,
"150000,QD,27.03.1999,   5.2200",,,
"150000,QD,03.04.1999,   5.4900",,,
"150000,QD,10.04.1999,   5.0000",,,
"150000,QD,17.04.1999,   3.5100",,,
"150000,QD,24.04.1999,   3.4900",,,
"150000,QD,01.05.1999,   1.9000",,,
"150000,QD,08.05.1999,   1.9100",,,
"150000,QD,15.05.1999,   1.8400",,,
"150000,QD,22.05.1999,   2.1300",,,
"150000,QD,29.05.1999,   1.4000",,,
"150000,QD,05.06.1999,   1.1300",,,
"150000,QD,12.06.1999,   0.9410",,,
"150000,QD,19.06.1999,   1.4900",,,
"150000,QD,26.06.1999,   1.6000",,,
"150000,QD,03.07.1999,   0.9210",,,
"150000,QD,10.07.1999,   8.5000",,,
"150000,QD,17.07.1999,   4.2100",,,
"150000,QD,24.07.1999,   1.3500",,,
"150000,QD,31.07.1999,   1.0300",,,
"150000,QD,07.08.1999,   0.8280",,,
"150000,QD,14.08.1999,   0.8420",,,
"150000,QD,21.08.1999,   0.7080",,,
"150000,QD,28.08.1999,   0.8740",,,
"150000,QD,04.09.1999,   2.4700",,,
"150000,QD,11.09.1999,   1.0500",,,
"150000,QD,18.09.1999,   0.9740",,,
"150000,QD,25.09.1999,   0.9760",,,
"150000,QD,02.10.1999,   1.1100",,,
"150000,QD,09.10.1999,   1.1300",,,
"150000,QD,16.10.1999,   2.3700",,,
"150000,QD,23.10.1999,   1.7800",,,
"150000,QD,30.10.1999,   1.6300",,,
"150000,QD,06.11.1999,   1.1600",,,
"150000,QD,13.11.1999,   2.4600",,,
"150000,QD,20.11.1999,   1.3500",,,
"150000,QD,27.11.1999,   1.1400",,,
"150000,QD,04.12.1999,   1.5000",,,
"150000,QD,11.12.1999,   1.6700",,,
"150000,QD,18.12.1999,   1.3500",,,
"150000,QD,25.12.1999,   1.2300",,,
"150000,QD,01.01.2000,   1.7400",,,
"150000,QD,08.01.2000,   1.7100",,,
"150000,QD,15.01.2000,   0.8400",,,
"150000,QD,22.01.2000,   1.3800",,,
"150000,QD,29.01.2000,   1.4500",,,
"150000,QD,05.02.2000,   7.4100",,,
"150000,QD,12.02.2000,   6.7900",,,
"150000,QD,19.02.2000,   3.4400",,,
"150000,QD,26.02.2000,   3.6900",,,
"150000,QD,04.03.2000,   4.2700",,,
"150000,QD,11.03.2000,   9.3000",,,
"150000,QD,18.03.2000,  10.3000",,,
"150000,QD,25.03.2000,  16.1000",,,
"150000,QD,01.04.2000,  27.7000",,,
"150000,QD,08.04.2000,   9.9100",,,
"150000,QD,15.04.2000,   6.0600",,,
"150000,QD,22.04.2000,   3.4400",,,
"150000,QD,29.04.2000,   2.4800",,,
"150000,QD,06.05.2000,   2.3500",,,
"150000,QD,13.05.2000,   1.4500",,,
"150000,QD,20.05.2000,   1.5900",,,
"150000,QD,27.05.2000,   1.3000",,,
"150000,QD,03.06.2000,   1.0500",,,
"150000,QD,10.06.2000,   1.3000",,,
"150000,QD,17.06.2000,   0.8870",,,
"150000,QD,24.06.2000,   1.2000",,,
"150000,QD,01.07.2000,   0.8590",,,
"150000,QD,08.07.2000,   0.9080",,,
"150000,QD,15.07.2000,   1.1100",,,
"150000,QD,22.07.2000,   1.0300",,,
"150000,QD,29.07.2000,   1.7300",,,
"150000,QD,05.08.2000,   1.5500",,,
"150000,QD,12.08.2000,   1.8800",,,
"150000,QD,19.08.2000,   0.9520",,,
"150000,QD,26.08.2000,   0.8250",,,
"150000,QD,02.09.2000,   0.9610",,,
"150000,QD,09.09.2000,   1.0600",,,
"150000,QD,16.09.2000,   0.9280",,,
"150000,QD,23.09.2000,   1.3200",,,
"150000,QD,30.09.2000,   1.5900",,,
"150000,QD,07.10.2000,   2.7300",,,
"150000,QD,14.10.2000,   2.8400",,,
"150000,QD,21.10.2000,   3.3200",,,
"150000,QD,28.10.2000,   2.1600",,,
"150000,QD,04.11.2000,   1.4300",,,
"150000,QD,11.11.2000,   1.4700",,,
"150000,QD,18.11.2000,   1.8000",,,
"150000,QD,25.11.2000,   1.8900",,,
"150000,QD,02.12.2000,   1.6800",,,
"150000,QD,09.12.2000,   1.6300",,,
"150000,QD,16.12.2000,   2.1100",,,
"150000,QD,23.12.2000,   1.2400",,,
"150000,QD,30.12.2000,   1.1000",,,
"150000,QD,06.01.2001,   1.2700",,,
"150000,QD,13.01.2001,   1.7200",,,
"150000,QD,20.01.2001,   1.1700",,,
"150000,QD,27.01.2001,   1.2500",,,
"150000,QD,03.02.2001,   1.2000",,,
"150000,QD,10.02.2001,   4.9800",,,
"150000,QD,17.02.2001,   3.5100",,,
"150000,QD,24.02.2001,   2.4300",,,
"150000,QD,03.03.2001,   2.0300",,,
"150000,QD,10.03.2001,   3.1600",,,
"150000,QD,17.03.2001,   3.9900",,,
"150000,QD,24.03.2001,  12.3000",,,
"150000,QD,31.03.2001,   6.1800",,,
"150000,QD,07.04.2001,   3.7600",,,
"150000,QD,14.04.2001,   8.3700",,,
"150000,QD,21.04.2001,   7.7100",,,
"150000,QD,28.04.2001,   9.5400",,,
"150000,QD,05.05.2001,   4.9600",,,
"150000,QD,12.05.2001,   4.0600",,,
"150000,QD,19.05.2001,   5.8700",,,
"150000,QD,26.05.2001,   2.2200",,,
"150000,QD,02.06.2001,   1.7500",,,
"150000,QD,09.06.2001,   1.7200",,,
"150000,QD,16.06.2001,   2.8900",,,
"150000,QD,23.06.2001,   2.1200",,,
"150000,QD,30.06.2001,   1.5500",,,
"150000,QD,07.07.2001,   1.0000",,,
"150000,QD,14.07.2001,   1.1400",,,
"150000,QD,21.07.2001,   3.9800",,,
"150000,QD,28.07.2001,   1.5700",,,
"150000,QD,04.08.2001,   1.1800",,,
"150000,QD,11.08.2001,   2.0700",,,
"150000,QD,18.08.2001,   1.5100",,,
"150000,QD,25.08.2001,   2.2400",,,
"150000,QD,01.09.2001,   1.5900",,,
"150000,QD,08.09.2001,   1.7400",,,
"150000,QD,15.09.2001,   2.1700",,,
"150000,QD,22.09.2001,   1.9400",,,
"150000,QD,29.09.2001,   1.7700",,,
"150000,QD,06.10.2001,   1.8100",,,
"150000,QD,13.10.2001,   1.5600",,,
"150000,QD,20.10.2001,   1.6600",,,
"150000,QD,27.10.2001,   2.0300",,,
"150000,QD,03.11.2001,   1.6000",,,
"150000,QD,10.11.2001,   2.1500",,,
"150000,QD,17.11.2001,   1.4400",,,
"150000,QD,24.11.2001,   1.4100",,,
"150000,QD,01.12.2001,   2.7100",,,
"150000,QD,08.12.2001,   5.3400",,,
"150000,QD,15.12.2001,   1.2500",,,
"150000,QD,22.12.2001,   1.2000",,,
"150000,QD,29.12.2001,   1.4700",,,
"150000,QD,05.01.2002,   1.7300",,,
"150000,QD,12.01.2002,   1.3100",,,
"150000,QD,19.01.2002,   1.3100",,,
"150000,QD,26.01.2002,   8.7300",,,
"150000,QD,02.02.2002,   7.3400",,,
"150000,QD,09.02.2002,   5.8000",,,
"150000,QD,16.02.2002,   7.5600",,,
"150000,QD,23.02.2002,   6.6500",,,
"150000,QD,02.03.2002,   8.8000",,,
"150000,QD,09.03.2002,   6.9800",,,
"150000,QD,16.03.2002,   4.0900",,,
"150000,QD,23.03.2002,  27.5000",,,
"150000,QD,30.03.2002,  11.8000",,,
"150000,QD,06.04.2002,   7.9300",,,
"150000,QD,13.04.2002,   4.7900",,,
"150000,QD,20.04.2002,   3.0400",,,
"150000,QD,27.04.2002,   3.8200",,,
"150000,QD,04.05.2002,   2.0700",,,
"150000,QD,11.05.2002,   2.5200",,,
"150000,QD,18.05.2002,   2.6400",,,
"150000,QD,25.05.2002,   1.2900",,,
"150000,QD,01.06.2002,   1.7800",,,
"150000,QD,08.06.2002,  14.9000",,,
"150000,QD,15.06.2002,   4.3000",,,
"150000,QD,22.06.2002,   1.7100",,,
"150000,QD,29.06.2002,   2.2700",,,
"150000,QD,06.07.2002,   4.6100",,,
"150000,QD,13.07.2002,   2.0600",,,
"150000,QD,20.07.2002,   9.7100",,,
"150000,QD,27.07.2002,   4.5000",,,
"150000,QD,03.08.2002,   4.8800",,,
"150000,QD,10.08.2002,  87.4000",,,
"150000,QD,17.08.2002,  58.6000",,,
"150000,QD,24.08.2002,  18.2000",,,
"150000,QD,31.08.2002,   7.8400",,,
"150000,QD,07.09.2002,  10.0000",,,
"150000,QD,14.09.2002,   4.6100",,,
"150000,QD,21.09.2002,   7.4900",,,
"150000,QD,28.09.2002,  23.8000",,,
"150000,QD,05.10.2002,  17.1000",,,
"150000,QD,12.10.2002,  14.7000",,,
"150000,QD,19.10.2002,  30.1000",,,
"150000,QD,26.10.2002,  12.8000",,,
"150000,QD,02.11.2002,  14.3000",,,
"150000,QD,09.11.2002,  12.0000",,,
"150000,QD,16.11.2002,  11.2000",,,
"150000,QD,23.11.2002,  21.1000",,,
"150000,QD,30.11.2002,  12.3000",,,
"150000,QD,07.12.2002,  10.2000",,,
"150000,QD,14.12.2002,   5.1400",,,
"150000,QD,21.12.2002,   5.5000",,,
"150000,QD,28.12.2002,   6.8200",,,
"150000,QD,04.01.2003,  32.7000",,,
"150000,QD,11.01.2003,  14.3000",,,
"150000,QD,18.01.2003,   9.0200",,,
"150000,QD,25.01.2003,   7.8300",,,
"150000,QD,01.02.2003,  10.2000",,,
"150000,QD,08.02.2003,   6.4100",,,
"150000,QD,15.02.2003,   4.9800",,,
"150000,QD,22.02.2003,   3.9300",,,
"150000,QD,01.03.2003,   4.1500",,,
"150000,QD,08.03.2003,   9.0900",,,
"150000,QD,15.03.2003,  11.4000",,,
"150000,QD,22.03.2003,   7.6700",,,
"150000,QD,29.03.2003,   6.8700",,,
"150000,QD,05.04.2003,   6.5100",,,
"150000,QD,12.04.2003,   4.3900",,,
"150000,QD,19.04.2003,   3.2800",,,
"150000,QD,26.04.2003,   2.5700",,,
"150000,QD,03.05.2003,   2.0000",,,
"150000,QD,10.05.2003,   1.7100",,,
"150000,QD,17.05.2003,   2.6600",,,
"150000,QD,24.05.2003,   2.7000",,,
"150000,QD,31.05.2003,   1.6400",,,
"150000,QD,07.06.2003,   1.9600",,,
"150000,QD,14.06.2003,   9.4400",,,
"150000,QD,21.06.2003,   2.1700",,,
"150000,QD,28.06.2003,   1.2200",,,
"150000,QD,05.07.2003,   1.1900",,,
"150000,QD,12.07.2003,   0.9350",,,
"150000,QD,19.07.2003,   0.8550",,,
"150000,QD,26.07.2003,   1.2200",,,
"150000,QD,02.08.2003,   1.3500",,,
"150000,QD,09.08.2003,   0.8310",,,
"150000,QD,16.08.2003,   0.6680",,,
"150000,QD,23.08.2003,   0.7810",,,
"150000,QD,30.08.2003,   0.6820",,,
"150000,QD,06.09.2003,   0.6960",,,
"150000,QD,13.09.2003,   0.7000",,,
"150000,QD,20.09.2003,   0.8780",,,
"150000,QD,27.09.2003,   1.3400",,,
"150000,QD,04.10.2003,   0.9700",,,
"150000,QD,11.10.2003,   2.6300",,,
"150000,QD,18.10.2003,   1.8400",,,
"150000,QD,25.10.2003,   1.3700",,,
"150000,QD,01.11.2003,   1.4600",,,
"150000,QD,08.11.2003,   1.0000",,,
"150000,QD,15.11.2003,   1.0800",,,
"150000,QD,22.11.2003,   1.0200",,,
"150000,QD,29.11.2003,   1.4700",,,
"150000,QD,06.12.2003,   1.1200",,,
"150000,QD,13.12.2003,   1.0200",,,
"150000,QD,20.12.2003,   1.1000",,,
"150000,QD,27.12.2003,   1.6800",,,
"150000,QD,03.01.2004,   1.2800",,,
"150000,QD,10.01.2004,   1.1700",,,
"150000,QD,17.01.2004,   6.6400",,,
"150000,QD,24.01.2004,   1.8800",,,
"150000,QD,31.01.2004,   1.9000",,,
"150000,QD,07.02.2004,  10.6000",,,
"150000,QD,14.02.2004,   4.9000",,,
"150000,QD,21.02.2004,   2.9000",,,
"150000,QD,28.02.2004,   3.2400",,,
"150000,QD,06.03.2004,   2.1900",,,
"150000,QD,13.03.2004,   3.3800",,,
"150000,QD,20.03.2004,   8.9100",,,
"150000,QD,27.03.2004,  16.6000",,,
"150000,QD,03.04.2004,  17.8000",,,
"150000,QD,10.04.2004,  11.0000",,,
"150000,QD,17.04.2004,   7.1600",,,
"150000,QD,24.04.2004,   6.2800",,,
"150000,QD,01.05.2004,   3.5400",,,
"150000,QD,08.05.2004,   6.2800",,,
"150000,QD,15.05.2004,   3.2900",,,
"150000,QD,22.05.2004,   3.9900",,,
"150000,QD,29.05.2004,   2.1300",,,
"150000,QD,05.06.2004,  41.3000",,,
"150000,QD,12.06.2004,  15.6000",,,
"150000,QD,19.06.2004,   6.6100",,,
"150000,QD,26.06.2004,   3.4300",,,
"150000,QD,03.07.2004,   1.9300",,,
"150000,QD,10.07.2004,   2.0000",,,
"150000,QD,17.07.2004,   2.0600",,,
"150000,QD,24.07.2004,   2.1000",,,
"150000,QD,31.07.2004,   1.2900",,,
"150000,QD,07.08.2004,   0.9250",,,
"150000,QD,14.08.2004,   1.2100",,,
"150000,QD,21.08.2004,   1.1900",,,
"150000,QD,28.08.2004,   0.9040",,,
"150000,QD,04.09.2004,   0.8670",,,
"150000,QD,11.09.2004,   0.8330",,,
"150000,QD,18.09.2004,   1.0100",,,
"150000,QD,25.09.2004,   1.7700",,,
"150000,QD,02.10.2004,   1.7100",,,
"150000,QD,09.10.2004,   2.2700",,,
"150000,QD,16.10.2004,   2.3200",,,
"150000,QD,23.10.2004,   2.1900",,,
"150000,QD,30.10.2004,   1.7500",,,
"150000,QD,06.11.2004,   1.6800",,,
"150000,QD,13.11.2004,   2.6000",,,
"150000,QD,20.11.2004,   3.5700",,,
"150000,QD,27.11.2004,   3.5900",,,
"150000,QD,04.12.2004,   2.6500",,,
"150000,QD,11.12.2004,   1.9100",,,
"150000,QD,18.12.2004,   1.7300",,,
"150000,QD,25.12.2004,   1.6500",,,
"150000,QD,01.01.2005,   1.4700",,,
"150000,QD,08.01.2005,   1.8000",,,
"150000,QD,15.01.2005,   1.7600",,,
"150000,QD,22.01.2005,   4.2000",,,
"150000,QD,29.01.2005,   1.4400",,,
"150000,QD,05.02.2005,   1.5600",,,
"150000,QD,12.02.2005,   5.0200",,,
"150000,QD,19.02.2005,   5.4200",,,
"150000,QD,26.02.2005,   3.1900",,,
"150000,QD,05.03.2005,   1.9600",,,
"150000,QD,12.03.2005,   2.1300",,,
"150000,QD,19.03.2005,  33.6000",,,
"150000,QD,26.03.2005,  13.9000",,,
"150000,QD,02.04.2005,  10.1000",,,
"150000,QD,09.04.2005,   8.6000",,,
"150000,QD,16.04.2005,   5.0000",,,
"150000,QD,23.04.2005,   6.5800",,,
"150000,QD,30.04.2005,   5.5000",,,
"150000,QD,07.05.2005,   3.0000",,,
"150000,QD,14.05.2005,   2.6600",,,
"150000,QD,21.05.2005,   3.0800",,,
"150000,QD,28.05.2005,   3.3400",,,
"150000,QD,04.06.2005,   2.2500",,,
"150000,QD,11.06.2005,   2.0200",,,
"150000,QD,18.06.2005,   2.1200",,,
"150000,QD,25.06.2005,   1.1300",,,
"150000,QD,02.07.2005,   2.8500",,,
"150000,QD,09.07.2005,   7.2600",,,
"150000,QD,16.07.2005,   8.9400",,,
"150000,QD,23.07.2005,   2.6000",,,
"150000,QD,30.07.2005,   3.1900",,,
"150000,QD,06.08.2005,   3.8900",,,
"150000,QD,13.08.2005,   1.6800",,,
"150000,QD,20.08.2005,  15.2000",,,
"150000,QD,27.08.2005,  26.0000",,,
"150000,QD,03.09.2005,  12.0000",,,
"150000,QD,10.09.2005,   5.5800",,,
"150000,QD,17.09.2005,   6.5500",,,
"150000,QD,24.09.2005,   4.1300",,,
"150000,QD,01.10.2005,   8.9600",,,
"150000,QD,08.10.2005,   7.1000",,,
"150000,QD,15.10.2005,   5.6200",,,
"150000,QD,22.10.2005,   3.5400",,,
"150000,QD,29.10.2005,   2.8500",,,
"150000,QD,05.11.2005,   3.6800",,,
"150000,QD,12.11.2005,   2.4300",,,
"150000,QD,19.11.2005,   2.0900",,,
"150000,QD,26.11.2005,   2.0900",,,
"150000,QD,03.12.2005,   1.4000",,,
"150000,QD,10.12.2005,   1.6800",,,
"150000,QD,17.12.2005,   2.1400",,,
"150000,QD,24.12.2005,   2.1100",,,
"150000,QD,31.12.2005,   1.5000",,,
"150000,QD,07.01.2006,   2.2800",,,
"150000,QD,14.01.2006,   2.1000",,,
"150000,QD,21.01.2006,   1.9300",,,
"150000,QD,28.01.2006,   1.5300",,,
"150000,QD,04.02.2006,   1.3500",,,
"150000,QD,11.02.2006,   1.5600",,,
"150000,QD,18.02.2006,   2.9800",,,
"150000,QD,25.02.2006,   3.8200",,,
"150000,QD,04.03.2006,   3.0800",,,
"150000,QD,11.03.2006,  11.4000",,,
"150000,QD,18.03.2006,   4.8700",,,
"150000,QD,25.03.2006,  15.2000",,,
"150000,QD,01.04.2006,  50.9000",,,
"150000,QD,08.04.2006,  27.3000",,,
"150000,QD,15.04.2006,  31.2000",,,
"150000,QD,22.04.2006,  16.7000",,,
"150000,QD,29.04.2006,  29.5000",,,
"150000,QD,06.05.2006,   8.7500",,,
"150000,QD,13.05.2006,   4.4900",,,
"150000,QD,20.05.2006,   3.6400",,,
"150000,QD,27.05.2006,   5.3200",,,
"150000,QD,03.06.2006,   7.0200",,,
"150000,QD,10.06.2006,   3.0000",,,
"150000,QD,17.06.2006,   2.2200",,,
"150000,QD,24.06.2006,   2.3700",,,
"150000,QD,01.07.2006,  41.1000",,,
"150000,QD,08.07.2006,  19.8000",,,
"150000,QD,15.07.2006,  25.3000",,,
"150000,QD,22.07.2006,   4.9600",,,
"150000,QD,29.07.2006,   2.8200",,,
"150000,QD,05.08.2006,   5.5900",,,
"150000,QD,12.08.2006,  10.8000",,,
"150000,QD,19.08.2006,   4.1500",,,
"150000,QD,26.08.2006,   3.7700",,,
"150000,QD,02.09.2006,   3.2600",,,
"150000,QD,09.09.2006,   1.8200",,,
"150000,QD,16.09.2006,   1.3800",,,
"150000,QD,23.09.2006,   1.4100",,,
"150000,QD,30.09.2006,   2.1300",,,
"150000,QD,07.10.2006,   2.8500",,,
"150000,QD,14.10.2006,   1.9400",,,
"150000,QD,21.10.2006,   2.2900",,,
"150000,QD,28.10.2006,   1.7500",,,
"150000,QD,04.11.2006,   1.8300",,,
"150000,QD,11.11.2006,   2.0400",,,
"150000,QD,18.11.2006,   1.7000",,,
"150000,QD,25.11.2006,   1.7400",,,
"150000,QD,02.12.2006,   1.3600",,,
"150000,QD,09.12.2006,   1.4400",,,
"150000,QD,16.12.2006,   1.4200",,,
"150000,QD,23.12.2006,   1.6000",,,
"150000,QD,30.12.2006,   1.3800",,,
"150000,QD,06.01.2007,   1.7000",,,
"150000,QD,13.01.2007,   2.0000",,,
"150000,QD,20.01.2007,   9.1100",,,
"150000,QD,27.01.2007,   2.3900",,,
"150000,QD,03.02.2007,   3.7700",,,
"150000,QD,10.02.2007,   3.8200",,,
"150000,QD,17.02.2007,   5.3300",,,
"150000,QD,24.02.2007,   3.1400",,,
"150000,QD,03.03.2007,   7.5000",,,
"150000,QD,10.03.2007,   3.7100",,,
"150000,QD,17.03.2007,   2.5100",,,
"150000,QD,24.03.2007,   4.6900",,,
"150000,QD,31.03.2007,   5.7900",,,
"150000,QD,07.04.2007,   3.1400",,,
"150000,QD,14.04.2007,   2.0600",,,
"150000,QD,21.04.2007,   1.5700",,,
"150000,QD,28.04.2007,   1.3000",,,
"150000,QD,05.05.2007,   1.7100",,,
"150000,QD,12.05.2007,   2.0600",,,
"150000,QD,19.05.2007,   1.8600",,,
"150000,QD,26.05.2007,   1.6700",,,
"150000,QD,02.06.2007,   2.0300",,,
"150000,QD,09.06.2007,   1.4100",,,
"150000,QD,16.06.2007,   3.5300",,,
"150000,QD,23.06.2007,   1.1500",,,
"150000,QD,30.06.2007,   1.0300",,,
"150000,QD,07.07.2007,   1.1000",,,
"150000,QD,14.07.2007,   1.0900",,,
"150000,QD,21.07.2007,   1.3900",,,
"150000,QD,28.07.2007,   0.8770",,,
"150000,QD,04.08.2007,   0.9130",,,
"150000,QD,11.08.2007,   1.2600",,,
"150000,QD,18.08.2007,   1.0600",,,
"150000,QD,25.08.2007,   1.2000",,,
"150000,QD,01.09.2007,   0.7290",,,
"150000,QD,08.09.2007,  14.4000",,,
"150000,QD,15.09.2007,   2.6000",,,
"150000,QD,22.09.2007,   1.8900",,,
"150000,QD,29.09.2007,   3.8600",,,
"150000,QD,06.10.2007,   2.1700",,,
"150000,QD,13.10.2007,   2.1400",,,
"150000,QD,20.10.2007,   2.1300",,,
"150000,QD,27.10.2007,   6.9100",,,
"150000,QD,03.11.2007,   3.9200",,,
"150000,QD,10.11.2007,   6.2800",,,
"150000,QD,17.11.2007,   5.8700",,,
"150000,QD,24.11.2007,   4.9800",,,
"150000,QD,01.12.2007,   5.8200",,,
"150000,QD,08.12.2007,  12.3000",,,
"150000,QD,15.12.2007,   7.9500",,,
"150000,QD,22.12.2007,   3.7100",,,
"150000,QD,29.12.2007,   3.2400",,,
"150000,QD,05.01.2008,   2.9900",,,
"150000,QD,12.01.2008,   2.7800",,,
"150000,QD,19.01.2008,   4.0600",,,
"150000,QD,26.01.2008,   4.3900",,,
"150000,QD,02.02.2008,   3.9600",,,
"150000,QD,09.02.2008,   4.0000",,,
"150000,QD,16.02.2008,   2.2200",,,
"150000,QD,23.02.2008,   2.2900",,,
"150000,QD,01.03.2008,   6.2900",,,
"150000,QD,08.03.2008,   4.5300",,,
"150000,QD,15.03.2008,   6.9100",,,
"150000,QD,22.03.2008,   4.5700",,,
"150000,QD,29.03.2008,   5.1900",,,
"150000,QD,05.04.2008,   4.9300",,,
"150000,QD,12.04.2008,   4.0200",,,
"150000,QD,19.04.2008,   3.5300",,,
"150000,QD,26.04.2008,   6.8800",,,
"150000,QD,03.05.2008,   6.6400",,,
"150000,QD,10.05.2008,   4.2400",,,
"150000,QD,17.05.2008,   2.6300",,,
"150000,QD,24.05.2008,   5.8900",,,
"150000,QD,31.05.2008,   2.3300",,,
"150000,QD,07.06.2008,   7.0800",,,
"150000,QD,14.06.2008,   4.2200",,,
"150000,QD,21.06.2008,   2.7000",,,
"150000,QD,28.06.2008,   1.9500",,,
"150000,QD,05.07.2008,   1.7500",,,
"150000,QD,12.07.2008,   1.5200",,,
"150000,QD,19.07.2008,   1.6700",,,
"150000,QD,26.07.2008,   1.3700",,,
"150000,QD,02.08.2008,   2.5000",,,
"150000,QD,09.08.2008,   1.0300",,,
"150000,QD,16.08.2008,   4.6000",,,
"150000,QD,23.08.2008,   2.0200",,,
"150000,QD,30.08.2008,   1.0600",,,
"150000,QD,06.09.2008,   0.8160",,,
"150000,QD,13.09.2008,   0.8120",,,
"150000,QD,20.09.2008,   1.6900",,,
"150000,QD,27.09.2008,   3.0900",,,
"150000,QD,04.10.2008,   1.6900",,,
"150000,QD,11.10.2008,   1.9800",,,
"150000,QD,18.10.2008,   2.2900",,,
"150000,QD,25.10.2008,   2.1400",,,
"150000,QD,01.11.2008,   1.9300",,,
"150000,QD,08.11.2008,   1.5600",,,
"150000,QD,15.11.2008,   1.9000",,,
"150000,QD,22.11.2008,   4.4000",,,
"150000,QD,29.11.2008,   1.7400",,,
"150000,QD,06.12.2008,   1.6400",,,
"150000,QD,13.12.2008,   1.6500",,,
"150000,QD,20.12.2008,   2.1400",,,
"150000,QD,27.12.2008,   2.2900",,,
"150000,QD,03.01.2009,   1.0200",,,
"150000,QD,10.01.2009,   1.0700",,,
"150000,QD,17.01.2009,   0.8810",,,
"150000,QD,24.01.2009,   0.8610",,,
"150000,QD,31.01.2009,   0.8410",,,
"150000,QD,07.02.2009,   0.9090",,,
"150000,QD,14.02.2009,   1.7200",,,
"150000,QD,21.02.2009,   1.5200",,,
"150000,QD,28.02.2009,  11.2000",,,
"150000,QD,07.03.2009,  17.7000",,,
"150000,QD,14.03.2009,  10.9000",,,
"150000,QD,21.03.2009,   7.5700",,,
"150000,QD,28.03.2009,   6.7600",,,
"150000,QD,04.04.2009,  14.3000",,,
"150000,QD,11.04.2009,   9.1800",,,
"150000,QD,18.04.2009,   5.2300",,,
"150000,QD,25.04.2009,   2.5000",,,
"150000,QD,02.05.2009,   3.4800",,,
"150000,QD,09.05.2009,   2.4700",,,
"150000,QD,16.05.2009,   3.3100",,,
"150000,QD,23.05.2009,   2.6200",,,
"150000,QD,30.05.2009,   7.0900",,,
"150000,QD,06.06.2009,   2.7700",,,
"150000,QD,13.06.2009,   2.3800",,,
"150000,QD,20.06.2009,   2.6500",,,
"150000,QD,27.06.2009,  54.5000",,,
"150000,QD,04.07.2009,  43.2000",,,
"150000,QD,11.07.2009,  18.7000",,,
"150000,QD,18.07.2009,  10.4000",,,
"150000,QD,25.07.2009,   5.4600",,,
"150000,QD,01.08.2009,   3.4300",,,
"150000,QD,08.08.2009,  14.9000",,,
"150000,QD,15.08.2009,   7.0800",,,
"150000,QD,22.08.2009,   3.8700",,,
"150000,QD,29.08.2009,   2.5700",,,
"150000,QD,05.09.2009,   3.8900",,,
"150000,QD,12.09.2009,   2.2200",,,
"150000,QD,19.09.2009,   3.9000",,,
"150000,QD,26.09.2009,   2.0400",,,
"150000,QD,03.10.2009,   2.2000",,,
"150000,QD,10.10.2009,   3.8300",,,
"150000,QD,17.10.2009,   4.0500",,,
"150000,QD,24.10.2009,   3.5400",,,
"150000,QD,31.10.2009,   3.8000",,,
"150000,QD,07.11.2009,   3.6700",,,
"150000,QD,14.11.2009,   3.1800",,,
"150000,QD,21.11.2009,   2.4700",,,
"150000,QD,28.11.2009,   1.9700",,,
"150000,QD,05.12.2009,   1.9300",,,
"150000,QD,12.12.2009,   3.7000",,,
"150000,QD,19.12.2009,   1.5600",,,
"150000,QD,26.12.2009,   2.2800",,,
"150000,QD,02.01.2010,   6.3600",,,
"150000,QD,09.01.2010,   2.7600",,,
"150000,QD,16.01.2010,   2.7100",,,
"150000,QD,23.01.2010,   1.9900",,,
"150000,QD,30.01.2010,   1.5700",,,
"150000,QD,06.02.2010,   1.5200",,,
"150000,QD,13.02.2010,   1.3000",,,
"150000,QD,20.02.2010,   1.9100",,,
"150000,QD,27.02.2010,  10.2000",,,
"150000,QD,06.03.2010,  10.1000",,,
"150000,QD,13.03.2010,   4.7200",,,
"150000,QD,20.03.2010,   8.6400",,,
"150000,QD,27.03.2010,  12.5000",,,
"150000,QD,03.04.2010,   6.7800",,,
"150000,QD,10.04.2010,   4.2800",,,
"150000,QD,17.04.2010,   5.5600",,,
"150000,QD,24.04.2010,   3.3300",,,
"150000,QD,01.05.2010,   3.2200",,,
"150000,QD,08.05.2010,   9.8400",,,
"150000,QD,15.05.2010,   9.9900",,,
"150000,QD,22.05.2010,   6.8200",,,
"150000,QD,29.05.2010,   9.6900",,,
"150000,QD,05.06.2010,  37.7000",,,
"150000,QD,12.06.2010,   9.2200",,,
"150000,QD,19.06.2010,  13.7000",,,
"150000,QD,26.06.2010,   5.0200",,,
"150000,QD,03.07.2010,   3.1000",,,
"150000,QD,10.07.2010,   2.5600",,,
"150000,QD,17.07.2010,   1.9500",,,
"150000,QD,24.07.2010,  15.0000",,,
"150000,QD,31.07.2010,   7.7200",,,
"150000,QD,07.08.2010,  21.4000",,,
"150000,QD,14.08.2010,   7.7800",,,
"150000,QD,21.08.2010,   4.0600",,,
"150000,QD,28.08.2010,   3.8000",,,
"150000,QD,04.09.2010,   3.3000",,,
"150000,QD,11.09.2010,   2.7600",,,
"150000,QD,18.09.2010,   2.2800",,,
"150000,QD,25.09.2010,   1.9700",,,
"150000,QD,02.10.2010,   3.4000",,,
"150000,QD,09.10.2010,   3.1200",,,
"150000,QD,16.10.2010,   3.0600",,,
"150000,QD,23.10.2010,   3.2100",,,
"150000,QD,30.10.2010,   2.6500",,,
"150000,QD,06.11.2010,   2.0500",,,
"150000,QD,13.11.2010,   2.5900",,,
"150000,QD,20.11.2010,   2.4600",,,
"150000,QD,27.11.2010,   2.5400",,,
"150000,QD,04.12.2010,   2.0700",,,
"150000,QD,11.12.2010,   5.5900",,,
"150000,QD,18.12.2010,   3.3400",,,
"150000,QD,25.12.2010,   3.5600",,,
"150000,QD,01.01.2011,   2.1800",,,
"150000,QD,08.01.2011,   4.4400",,,
"150000,QD,15.01.2011,  25.1000",,,
"150000,QD,22.01.2011,   8.3500",,,
"150000,QD,29.01.2011,   5.5900",,,
"150000,QD,05.02.2011,   6.2300",,,
"150000,QD,12.02.2011,   6.5200",,,
"150000,QD,19.02.2011,   4.5400",,,
"150000,QD,26.02.2011,   2.9000",,,
"150000,QD,05.03.2011,   2.6400",,,
"150000,QD,12.03.2011,   2.7000",,,
"150000,QD,19.03.2011,  19.7000",,,
"150000,QD,26.03.2011,   7.6900",,,
"150000,QD,02.04.2011,   4.6300",,,
"150000,QD,09.04.2011,   3.5400",,,
"150000,QD,16.04.2011,   2.4300",,,
"150000,QD,23.04.2011,   1.9800",,,
"150000,QD,30.04.2011,   2.7500",,,
"150000,QD,07.05.2011,   2.1200",,,
"150000,QD,14.05.2011,   1.6300",,,
"150000,QD,21.05.2011,   1.8500",,,
"150000,QD,28.05.2011,   4.5600",,,
"150000,QD,04.06.2011,   3.4900",,,
"150000,QD,11.06.2011,   1.8400",,,
"150000,QD,18.06.2011,   2.3600",,,
"150000,QD,25.06.2011,   1.8300",,,
"150000,QD,02.07.2011,   1.2500",,,
"150000,QD,09.07.2011,   1.2200",,,
"150000,QD,16.07.2011,   6.1900",,,
"150000,QD,23.07.2011,   4.4600",,,
"150000,QD,30.07.2011,   3.1900",,,
"150000,QD,06.08.2011,   2.7700",,,
"150000,QD,13.08.2011,   2.1300",,,
"150000,QD,20.08.2011,   1.9300",,,
"150000,QD,27.08.2011,   1.2000",,,
"150000,QD,03.09.2011,   1.2800",,,
"150000,QD,10.09.2011,   1.3300",,,
"150000,QD,17.09.2011,   1.3600",,,
"150000,QD,24.09.2011,   1.9600",,,
"150000,QD,01.10.2011,   1.7800",,,
"150000,QD,08.10.2011,   1.5900",,,
"150000,QD,15.10.2011,   4.1400",,,
"150000,QD,22.10.2011,   2.8900",,,
"150000,QD,29.10.2011,   3.1600",,,
"150000,QD,05.11.2011,   2.5800",,,
"150000,QD,12.11.2011,   1.5500",,,
"150000,QD,19.11.2011,   1.5800",,,
"150000,QD,26.11.2011,   1.2400",,,
"150000,QD,03.12.2011,   1.3400",,,
"150000,QD,10.12.2011,   2.0000",,,
"150000,QD,17.12.2011,   3.8100",,,
"150000,QD,24.12.2011,   1.9100",,,
"150000,QD,31.12.2011,   2.4500",,,
"150000,QD,07.01.2012,   4.5000",,,
"150000,QD,14.01.2012,   2.9200",,,
"150000,QD,21.01.2012,   8.4800",,,
"150000,QD,28.01.2012,   3.4000",,,
"150000,QD,04.02.2012,   1.3300",,,
"150000,QD,11.02.2012,   2.1000",,,
"150000,QD,18.02.2012,   2.0800",,,
"150000,QD,25.02.2012,   5.6200",,,
"150000,QD,03.03.2012,   6.5200",,,
"150000,QD,10.03.2012,   3.8400",,,
"150000,QD,17.03.2012,   5.7000",,,
"150000,QD,24.03.2012,   3.6200",,,
"150000,QD,31.03.2012,   2.5700",,,
"150000,QD,07.04.2012,   2.5700",,,
"150000,QD,14.04.2012,   3.6500",,,
"150000,QD,21.04.2012,   7.8500",,,
"150000,QD,28.04.2012,   3.1700",,,
"150000,QD,05.05.2012,   2.2700",,,
"150000,QD,12.05.2012,   1.6200",,,
"150000,QD,19.05.2012,   1.5200",,,
"150000,QD,26.05.2012,   1.0600",,,
"150000,QD,02.06.2012,   1.3200",,,
"150000,QD,09.06.2012,   1.6600",,,
"150000,QD,16.06.2012,   2.7000",,,
"150000,QD,23.06.2012,   5.8000",,,
"150000,QD,30.06.2012,   1.1900",,,
"150000,QD,07.07.2012,   6.1400",,,
"150000,QD,14.07.2012,   2.3900",,,
"150000,QD,21.07.2012,   1.7400",,,
"150000,QD,28.07.2012,   1.7100",,,
"150000,QD,04.08.2012,   2.7100",,,
"150000,QD,11.08.2012,   3.1500",,,
"150000,QD,18.08.2012,   1.3600",,,
"150000,QD,25.08.2012,   1.7100",,,
"150000,QD,01.09.2012,  13.5000",,,
"150000,QD,08.09.2012,   2.8300",,,
"150000,QD,15.09.2012,   8.2400",,,
"150000,QD,22.09.2012,   3.1900",,,
"150000,QD,29.09.2012,   2.3000",,,
"150000,QD,06.10.2012,   2.2000",,,
"150000,QD,13.10.2012,   3.7400",,,
"150000,QD,20.10.2012,   2.6900",,,
"150000,QD,27.10.2012,   2.9200",,,
"150000,QD,03.11.2012,   3.1700",,,
"150000,QD,10.11.2012,   3.1500",,,
"150000,QD,17.11.2012,   2.4200",,,
"150000,QD,24.11.2012,   2.0200",,,
"150000,QD,01.12.2012,   2.2200",,,
"150000,QD,08.12.2012,   1.5500",,,
"150000,QD,15.12.2012,   1.5700",,,
"150000,QD,22.12.2012,   2.7400",,,
"150000,QD,29.12.2012,   9.5400",,,
"150000,QD,05.01.2013,   9.3300",,,
"150000,QD,12.01.2013,   7.5600",,,
"150000,QD,19.01.2013,   3.5500",,,
"150000,QD,26.01.2013,   2.7600",,,
"150000,QD,02.02.2013,  28.1000",,,
"150000,QD,09.02.2013,   8.6200",,,
"150000,QD,16.02.2013,   5.1000",,,
"150000,QD,23.02.2013,   3.9300",,,
"150000,QD,02.03.2013,   6.7200",,,
"150000,QD,09.03.2013,  14.3000",,,
"150000,QD,16.03.2013,   8.2300",,,
"150000,QD,23.03.2013,   7.7600",,,
"150000,QD,30.03.2013,   6.5800",,,
"150000,QD,06.04.2013,   5.6000",,,
"150000,QD,13.04.2013,  11.5000",,,
"150000,QD,20.04.2013,  12.4000",,,
"150000,QD,27.04.2013,   4.9400",,,
"150000,QD,04.05.2013,  13.0000",,,
"150000,QD,11.05.2013,  14.9000",,,
"150000,QD,18.05.2013,   9.8800",,,
"150000,QD,25.05.2013,   5.4500",,,
"150000,QD,01.06.2013,  20.1000",,,
"150000,QD,08.06.2013,  50.3000",,,
"150000,QD,15.06.2013,  19.5000",,,
"150000,QD,22.06.2013,   6.6500",,,
"150000,QD,29.06.2013,   7.2700",,,
"150000,QD,06.07.2013,   4.6600",,,
"150000,QD,13.07.2013,   2.8900",,,
"150000,QD,20.07.2013,   1.8600",,,
"150000,QD,27.07.2013,   1.3400",,,
"150000,QD,03.08.2013,   1.2700",,,
"150000,QD,10.08.2013,   5.3600",,,
"150000,QD,17.08.2013,   1.4800",,,
"150000,QD,24.08.2013,   1.7300",,,
"150000,QD,31.08.2013,   2.8800",,,
"150000,QD,07.09.2013,   1.7600",,,
"150000,QD,14.09.2013,   1.6400",,,
"150000,QD,21.09.2013,   2.1500",,,
"150000,QD,28.09.2013,   2.1100",,,
"150000,QD,05.10.2013,   1.8500",,,
"150000,QD,12.10.2013,   4.4300",,,
"150000,QD,19.10.2013,   3.5900",,,
"150000,QD,26.10.2013,   3.3400",,,
"150000,QD,02.11.2013,   2.3700",,,
"150000,QD,09.11.2013,   2.4700",,,
"150000,QD,16.11.2013,   2.5200",,,
"150000,QD,23.11.2013,   1.9000",,,
"150000,QD,30.11.2013,   1.6800",,,
"150000,QD,07.12.2013,   1.7300",,,
"150000,QD,14.12.2013,   2.2000",,,
"150000,QD,21.12.2013,   1.6500",,,
"150000,QD,28.12.2013,   1.8500",,,
"150000,QD,04.01.2014,   1.5600",,,
"150000,QD,11.01.2014,   1.7800",,,
"150000,QD,18.01.2014,   1.7700",,,
"150000,QD,25.01.2014,   1.8900",,,
"150000,QD,01.02.2014,   1.7600",,,
"150000,QD,08.02.2014,   1.8200",,,
"150000,QD,15.02.2014,   1.6200",,,
"150000,QD,22.02.2014,   1.6000",,,
"150000,QD,01.03.2014,   1.6100",,,
"150000,QD,08.03.2014,   1.8700",,,
"150000,QD,15.03.2014,   1.8300",,,
"150000,QD,22.03.2014,   1.5700",,,
"150000,QD,29.03.2014,   1.6600",,,
"150000,QD,05.04.2014,   1.3700",,,
"150000,QD,12.04.2014,   1.2800",,,
"150000,QD,19.04.2014,   1.0300",,,
"150000,QD,26.04.2014,   1.0500",,,
"150000,QD,03.05.2014,   4.1500",,,
"150000,QD,10.05.2014,   1.5900",,,
"150000,QD,17.05.2014,   2.5500",,,
"150000,QD,24.05.2014,   3.0500",,,
"150000,QD,31.05.2014,   7.8300",,,
"150000,QD,07.06.2014,   1.7600",,,
"150000,QD,14.06.2014,   1.2200",,,
"150000,QD,21.06.2014,   1.0300",,,
"150000,QD,28.06.2014,   1.0700",,,
"150000,QD,05.07.2014,   0.9280",,,
"150000,QD,12.07.2014,   2.4100",,,
"150000,QD,19.07.2014,   1.8300",,,
"150000,QD,26.07.2014,   2.6600",,,
"150000,QD,02.08.2014,  11.5000",,,
"150000,QD,09.08.2014,   5.7100",,,
"150000,QD,16.08.2014,   3.2900",,,
"150000,QD,23.08.2014,   1.8700",,,
"150000,QD,30.08.2014,   2.5300",,,
"150000,QD,06.09.2014,   7.2400",,,
"150000,QD,13.09.2014,   9.0500",,,
"150000,QD,20.09.2014,   7.0200",,,
"150000,QD,27.09.2014,   5.6900",,,
"150000,QD,04.10.2014,   6.1300",,,
"150000,QD,11.10.2014,   4.2000",,,
"150000,QD,18.10.2014,   6.5600",,,
"150000,QD,25.10.2014,  11.4000",,,
"150000,QD,01.11.2014,   4.9700",,,
"150000,QD,08.11.2014,   3.3800",,,
"150000,QD,15.11.2014,   3.1000",,,
"150000,QD,22.11.2014,   3.7700",,,
"150000,QD,29.11.2014,   2.3600",,,
"150000,QD,06.12.2014,   2.6500",,,
"150000,QD,13.12.2014,   2.7800",,,
"150000,QD,20.12.2014,   3.2700",,,
"150000,QD,27.12.2014,   2.5200",,,
"150000,QD,03.01.2015,   3.2400",,,
"150000,QD,10.01.2015,   8.4400",,,
"150000,QD,17.01.2015,   4.7400",,,
"150000,QD,24.01.2015,   4.3700",,,
"150000,QD,31.01.2015,   3.3900",,,
"150000,QD,07.02.2015,   2.5000",,,
"150000,QD,14.02.2015,   2.6000",,,
"150000,QD,21.02.2015,   2.5100",,,
"150000,QD,28.02.2015,   2.2200",,,
"150000,QD,07.03.2015,   2.9200",,,
"150000,QD,14.03.2015,   3.1300",,,
"150000,QD,21.03.2015,   3.1400",,,
"150000,QD,28.03.2015,   3.3700",,,
"150000,QD,04.04.2015,   5.6100",,,
"150000,QD,11.04.2015,   4.1800",,,
"150000,QD,18.04.2015,   2.7300",,,
"150000,QD,25.04.2015,   5.3100",,,
"150000,QD,02.05.2015,   3.0100",,,
"150000,QD,09.05.2015,   3.4900",,,
"150000,QD,16.05.2015,   1.8900",,,
"150000,QD,23.05.2015,   4.0800",,,
"150000,QD,30.05.2015,   2.5000",,,
"150000,QD,06.06.2015,   1.6400",,,
"150000,QD,13.06.2015,   2.2300",,,
"150000,QD,20.06.2015,   1.9000",,,
"150000,QD,27.06.2015,   1.6500",,,
"150000,QD,04.07.2015,   1.0200",,,
"150000,QD,11.07.2015,   0.8320",,,
"150000,QD,18.07.2015,   0.7420",,,
"150000,QD,25.07.2015,   0.9730",,,
"150000,QD,01.08.2015,   0.9020",,,
"150000,QD,08.08.2015,   0.6670",,,
"150000,QD,15.08.2015,   0.6210",,,
"150000,QD,22.08.2015,   0.7900",,,
"150000,QD,29.08.2015,   0.6810",,,
"150000,QD,05.09.2015,   0.6680",,,
"150000,QD,12.09.2015,   0.6100",,,
"150000,QD,19.09.2015,   0.5860",,,
"150000,QD,26.09.2015,   0.7680",,,
"150000,QD,03.10.2015,   0.6750",,,
"150000,QD,10.10.2015,   1.5700",,,
"150000,QD,17.10.2015,   2.5500",,,
"150000,QD,24.10.2015,   2.1300",,,
"150000,QD,31.10.2015,   1.6300",,,
"150000,QD,07.11.2015,   1.3700",,,
"150000,QD,14.11.2015,   1.1000",,,
"150000,QD,21.11.2015,   4.0900",,,
"150000,QD,28.11.2015,   1.3200",,,
"150000,QD,05.12.2015,   1.8000",,,
"150000,QD,12.12.2015,   1.5300",,,
"150000,QD,19.12.2015,   1.3900",,,
"150000,QD,26.12.2015,   1.3700",,,
"150000,QD,02.01.2016,   1.2800",,,
"150000,QD,09.01.2016,   1.2000",,,
"150000,QD,16.01.2016,   1.3300",,,
"150000,QD,23.01.2016,   1.0900",,,
"150000,QD,30.01.2016,   4.8600",,,
"150000,QD,06.02.2016,   2.7500",,,
"150000,QD,13.02.2016,   3.1200",,,
"150000,QD,20.02.2016,   2.4200",,,
"150000,QD,27.02.2016,   3.3300",,,
"150000,QD,05.03.2016,   7.1700",,,
"150000,QD,12.03.2016,   3.7700",,,
"150000,QD,19.03.2016,   4.5300",,,
"150000,QD,26.03.2016,   3.9000",,,
"150000,QD,02.04.2016,   3.5700",,,
"150000,QD,09.04.2016,   2.4400",,,
"150000,QD,16.04.2016,   2.6400",,,
"150000,QD,23.04.2016,   2.6800",,,
"150000,QD,30.04.2016,   2.4800",,,
"150000,QD,07.05.2016,   1.9500",,,
"150000,QD,14.05.2016,   3.6800",,,
"150000,QD,21.05.2016,   1.8600",,,
"150000,QD,28.05.2016,   2.4600",,,
"150000,QD,04.06.2016,   7.1800",,,
"150000,QD,11.06.2016,   3.2500",,,
"150000,QD,18.06.2016,   3.2200",,,
"150000,QD,25.06.2016,   1.7900",,,
"150000,QD,02.07.2016,   2.7800",,,
"150000,QD,09.07.2016,   1.7800",,,
"150000,QD,16.07.2016,   9.8600",,,
"150000,QD,23.07.2016,   4.3200",,,
"150000,QD,30.07.2016,   5.7100",,,
"150000,QD,06.08.2016,   3.4000",,,
"150000,QD,13.08.2016,   2.0200",,,
"150000,QD,20.08.2016,   1.2700",,,
"150000,QD,27.08.2016,   0.9850",,,
"150000,QD,03.09.2016,   0.9880",,,
"150000,QD,10.09.2016,   0.8700",,,
"150000,QD,17.09.2016,   1.4200",,,
"150000,QD,24.09.2016,   1.8800",,,
"150000,QD,01.10.2016,   1.5300",,,
"150000,QD,08.10.2016,   2.9900",,,
"150000,QD,15.10.2016,   4.8500",,,
"150000,QD,22.10.2016,   3.3100",,,
"150000,QD,29.10.2016,   3.3300",,,
"150000,QD,05.11.2016,   2.7300",,,
"150000,QD,12.11.2016,   2.7900",,,
"150000,QD,19.11.2016,   4.2000",,,
"150000,QD,26.11.2016,   2.4700",,,
"150000,QD,03.12.2016,   2.5300",,,
"150000,QD,10.12.2016,   1.5500",,,
"150000,QD,17.12.2016,   2.1700",,,
"150000,QD,24.12.2016,   1.8000",,,
"150000,QD,31.12.2016,   1.9800",,,
"150000,QD,07.01.2017,   1.1800",,,
"150000,QD,14.01.2017,   1.5500",,,
"150000,QD,21.01.2017,   0.9830",,,
"150000,QD,28.01.2017,   1.2000",,,
"150000,QD,04.02.2017,   1.2300",,,
"150000,QD,11.02.2017,   1.2800",,,
"150000,QD,18.02.2017,   2.4100",,,
"150000,QD,25.02.2017,   6.2300",,,
"150000,QD,04.03.2017,   4.2200",,,
"150000,QD,11.03.2017,   5.5200",,,
"150000,QD,18.03.2017,   3.4400",,,
"150000,QD,25.03.2017,   4.3000",,,
"150000,QD,01.04.2017,   2.5400",,,
"150000,QD,08.04.2017,   3.0700",,,
"150000,QD,15.04.2017,   1.9300",,,
"150000,QD,22.04.2017,   2.0100",,,
"150000,QD,29.04.2017,  26.4000",,,
"150000,QD,06.05.2017,  12.0000",,,
"150000,QD,13.05.2017,   6.0500",,,
"150000,QD,20.05.2017,   4.3500",,,
"150000,QD,27.05.2017,   2.3600",,,
"150000,QD,03.06.2017,   1.9000",,,
"150000,QD,10.06.2017,   1.3600",,,
"150000,QD,17.06.2017,   0.8910",,,
"150000,QD,24.06.2017,   0.7940",,,
"150000,QD,01.07.2017,   0.8900",,,
"150000,QD,08.07.2017,   0.7010",,,
"150000,QD,15.07.2017,   1.0000",,,
"150000,QD,22.07.2017,   1.6400",,,
"150000,QD,29.07.2017,   1.0100",,,
"150000,QD,05.08.2017,   1.3800",,,
"150000,QD,12.08.2017,   3.9500",,,
"150000,QD,19.08.2017,   2.2100",,,
"150000,QD,26.08.2017,   0.8690",,,
"150000,QD,02.09.2017,   4.1600",,,
"150000,QD,09.09.2017,   1.4400",,,
"150000,QD,16.09.2017,   0.7840",,,
"150000,QD,23.09.2017,   1.0500",,,
"150000,QD,30.09.2017,   0.9680",,,
"150000,QD,07.10.2017,   1.4100",,,
"150000,QD,14.10.2017,   2.8200",,,
"150000,QD,21.10.2017,   2.3000",,,
"150000,QD,28.10.2017,   2.9600",,,
"150000,QD,04.11.2017,   1.8200",,,
"150000,QD,11.11.2017,   1.2600",,,
"150000,QD,18.11.2017,   1.1200",,,
"150000,QD,25.11.2017,   1.0200",,,
"150000,QD,02.12.2017,   1.2400",,,
"150000,QD,09.12.2017,   1.1000",,,
"150000,QD,16.12.2017,   1.1000",,,
"150000,QD,23.12.2017,   2.8800",,,
"150000,QD,30.12.2017,   1.9500",,,
"150000,QD,06.01.2018,   5.4600",,,
"150000,QD,13.01.2018,   2.7300",,,
"150000,QD,20.01.2018,   3.5400",,,
"150000,QD,27.01.2018,   3.9200",,,
"150000,QD,03.02.2018,   4.1800",,,
"150000,QD,10.02.2018,   2.6800",,,
"150000,QD,17.02.2018,   2.2600",,,
"150000,QD,24.02.2018,   1.4700",,,
"150000,QD,03.03.2018,   1.6600",,,
"150000,QD,10.03.2018,   3.6700",,,
"150000,QD,17.03.2018,   6.5500",,,
"150000,QD,24.03.2018,   3.5100",,,
"150000,QD,31.03.2018,   2.7200",,,
"150000,QD,07.04.2018,   2.4500",,,
"150000,QD,14.04.2018,   2.0400",,,
"150000,QD,21.04.2018,   1.7600",,,
"150000,QD,28.04.2018,   1.7100",,,
"150000,QD,05.05.2018,   2.2200",,,
"150000,QD,12.05.2018,   1.2400",,,
"150000,QD,19.05.2018,   1.2200",,,
"150000,QD,26.05.2018,   2.3900",,,
"150000,QD,02.06.2018,   0.9100",,,
"150000,QD,09.06.2018,   0.7210",,,
"150000,QD,16.06.2018,   2.1600",,,
"150000,QD,23.06.2018,   0.9980",,,
"150000,QD,30.06.2018,   9.5500",,,
"150000,QD,07.07.2018,   2.1200",,,
"150000,QD,14.07.2018,   2.0000",,,
"150000,QD,21.07.2018,   1.4700",,,
"150000,QD,28.07.2018,   1.0800",,,
"150000,QD,04.08.2018,   0.7570",,,
"150000,QD,11.08.2018,   1.2600",,,
"150000,QD,18.08.2018,   0.8140",,,
"150000,QD,25.08.2018,   0.7870",,,
"150000,QD,01.09.2018,   1.0900",,,
"150000,QD,08.09.2018,   1.3900",,,
"150000,QD,15.09.2018,   1.6500",,,
"150000,QD,22.09.2018,   0.9620",,,
"150000,QD,29.09.2018,   0.9340",,,
"150000,QD,06.10.2018,   1.4000",,,
"150000,QD,13.10.2018,   1.5100",,,
"150000,QD,20.10.2018,   1.6200",,,
"150000,QD,27.10.2018,   2.8100",,,
"150000,QD,03.11.2018,   2.4800",,,
"150000,QD,10.11.2018,   1.2100",,,
"150000,QD,17.11.2018,   1.2100",,,
"150000,QD,24.11.2018,   1.2000",,,
"150000,QD,01.12.2018,   1.2900",,,
"150000,QD,08.12.2018,   2.8300",,,
"150000,QD,15.12.2018,   2.9000",,,
"150000,QD,22.12.2018,   3.8000",,,
"150000,QD,29.12.2018,   7.0700",,,
"150000,QD,05.01.2019,   4.7000",,,
"150000,QD,12.01.2019,   5.1900",,,
"150000,QD,19.01.2019,   5.1800",,,
"150000,QD,26.01.2019,   3.3100",,,
"150000,QD,02.02.2019,   2.6100",,,
"150000,QD,09.02.2019,   2.8900",,,
"150000,QD,16.02.2019,   8.0400",,,
"150000,QD,23.02.2019,  11.3000",,,
"150000,QD,02.03.2019,  11.8000",,,
"150000,QD,09.03.2019,  10.5000",,,
"150000,QD,16.03.2019,   8.1200",,,
"150000,QD,23.03.2019,   5.5500",,,
"150000,QD,30.03.2019,   3.9100",,,
"150000,QD,06.04.2019,   3.5700",,,
"150000,QD,13.04.2019,   2.4900",,,
"150000,QD,20.04.2019,   2.0500",,,
"150000,QD,27.04.2019,   1.7200",,,
"150000,QD,04.05.2019,   1.9000",,,
"150000,QD,11.05.2019,   1.9400",,,
"150000,QD,18.05.2019,   2.4600",,,
"150000,QD,25.05.2019,   2.1600",,,
"150000,QD,01.06.2019,   2.7300",,,
"150000,QD,08.06.2019,  12.9000",,,
"150000,QD,15.06.2019,   3.2500",,,
"150000,QD,22.06.2019,   6.7300",,,
"150000,QD,29.06.2019,   4.9900",,,
"150000,QD,06.07.2019,   1.9900",,,
"150000,QD,13.07.2019,   1.8900",,,
"150000,QD,20.07.2019,   1.2900",,,
"150000,QD,27.07.2019,   0.9250",,,
"150000,QD,03.08.2019,   0.9970",,,
"150000,QD,10.08.2019,   1.0000",,,
"150000,QD,17.08.2019,   0.9830",,,
"150000,QD,24.08.2019,   0.9680",,,
"150000,QD,31.08.2019,   0.9120",,,
"150000,QD,07.09.2019,   1.1500",,,
"150000,QD,14.09.2019,   1.1000",,,
"150000,QD,21.09.2019,   0.9860",,,
"150000,QD,28.09.2019,   1.0600",,,
"150000,QD,05.10.2019,   1.4700",,,
"150000,QD,12.10.2019,   1.3600",,,
"150000,QD,19.10.2019,   1.6300",,,
"150000,QD,26.10.2019,   2.0600",,,
"150000,QD,02.11.2019,   2.2000",,,
"150000,QD,09.11.2019,   1.3100",,,
"150000,QD,16.11.2019,   1.0400",,,
"150000,QD,23.11.2019,   1.2400",,,
"150000,QD,30.11.2019,   0.6500",,,
"150000,QD,07.12.2019,   0.5920",,,
"150000,QD,14.12.2019,   0.6760",,,
"150000,QD,21.12.2019,   0.8000",,,
"150000,QD,28.12.2019,   0.8900",,,
"150000,QD,04.01.2020,   0.9160",,,
"150000,QD,11.01.2020,   1.0000",,,
"150000,QD,18.01.2020,   0.9320",,,
"150000,QD,25.01.2020,   0.8560",,,
"150000,QD,01.02.2020,   1.0500",,,
"150000,QD,08.02.2020,   2.3300",,,
"150000,QD,15.02.2020,   2.5700",,,
"150000,QD,22.02.2020,   2.3600",,,
"150000,QD,29.02.2020,   2.2400",,,
"150000,QD,07.03.2020,   2.8500",,,
"150000,QD,14.03.2020,   2.5800",,,
"150000,QD,21.03.2020,   1.8100",,,
"150000,QD,28.03.2020,   1.6700",,,
"150000,QD,04.04.2020,   1.4700",,,
"150000,QD,11.04.2020,   1.3700",,,
"150000,QD,18.04.2020,   1.3800",,,
"150000,QD,25.04.2020,   1.1900",,,
"150000,QD,02.05.2020,   1.3200",,,
"150000,QD,09.05.2020,   0.7490",,,
"150000,QD,16.05.2020,   2.0300",,,
"150000,QD,23.05.2020,   1.3900",,,
"150000,QD,30.05.2020,   1.3000",,,
"150000,QD,06.06.2020,   1.4700",,,
"150000,QD,13.06.2020,   8.1400",,,
"150000,QD,20.06.2020,   7.6800",,,
"150000,QD,27.06.2020,   4.6300",,,
"150000,QD,04.07.2020,   3.8400",,,
"150000,QD,11.07.2020,   2.6300",,,
"150000,QD,18.07.2020,   2.7000",,,
"150000,QD,25.07.2020,   2.4100",,,
"150000,QD,01.08.2020,   1.2800",,,
"150000,QD,08.08.2020,   5.7900",,,
"150000,QD,15.08.2020,   4.1300",,,
"150000,QD,22.08.2020,   3.5700",,,
"150000,QD,29.08.2020,   2.3200",,,
"150000,QD,05.09.2020,   2.3200",,,
"150000,QD,12.09.2020,   1.5800",,,
"150000,QD,19.09.2020,   1.1600",,,
"150000,QD,26.09.2020,   5.3200",,,
"150000,QD,03.10.2020,   3.0700",,,
"150000,QD,10.10.2020,   1.8900",,,
"150000,QD,17.10.2020,   6.5000",,,
"150000,QD,24.10.2020,   3.3100",,,
"150000,QD,31.10.2020,   4.9800",,,
"150000,QD,07.11.2020,   5.9600",,,
"150000,QD,14.11.2020,   3.3600",,,
"150000,QD,21.11.2020,   2.5800",,,
"150000,QD,28.11.2020,   2.0500",,,
"150000,QD,05.12.2020,   1.4900",,,
"150000,QD,12.12.2020,   2.0000",,,
"150000,QD,19.12.2020,   1.8300",,,
"150000,QD,26.12.2020,   2.2300",,,
"150000,QD,02.01.2021,   1.9900",,,
"150000,QD,09.01.2021,   1.7600",,,
"150000,QD,16.01.2021,   1.5000",,,
"150000,QD,23.01.2021,   2.1100",,,
"150000,QD,30.01.2021,  12.1000",,,
"150000,QD,06.02.2021,  11.0000",,,
"150000,QD,13.02.2021,   5.2400",,,
"150000,QD,20.02.2021,   6.5800",,,
"150000,QD,27.02.2021,   4.6700",,,
"150000,QD,06.03.2021,   5.2100",,,
"150000,QD,13.03.2021,   5.6100",,,
"150000,QD,20.03.2021,   4.0700",,,
"150000,QD,27.03.2021,   4.6700",,,
"150000,QD,03.04.2021,   3.2800",,,
"150000,QD,10.04.2021,   2.8700",,,
"150000,QD,17.04.2021,   2.9200",,,
"150000,QD,24.04.2021,   2.6700",,,
"150000,QD,01.05.2021,   2.5900",,,
"150000,QD,08.05.2021,   2.3200",,,
"150000,QD,15.05.2021,  11.5000",,,
"150000,QD,22.05.2021,   5.8100",,,
"150000,QD,29.05.2021,   3.1100",,,
"150000,QD,05.06.2021,   1.6800",,,
"150000,QD,12.06.2021,   3.5100",,,
"150000,QD,19.06.2021,   1.0500",,,
"150000,QD,26.06.2021,  12.5000",,,
"150000,QD,03.07.2021,   4.0200",,,
"150000,QD,10.07.2021,  11.0000",,,
"150000,QD,17.07.2021,   7.2100",,,
"150000,QD,24.07.2021,   2.4900",,,
"150000,QD,31.07.2021,   2.3700",,,
"150000,QD,07.08.2021,   4.0500",,,
"150000,QD,14.08.2021,   2.3400",,,
"150000,QD,21.08.2021,   1.5200",,,
"150000,QD,28.08.2021,   4.2700",,,
"150000,QD,04.09.2021,   1.9600",,,
"150000,QD,11.09.2021,   1.6000",,,
"150000,QD,18.09.2021,   1.6200",,,
"150000,QD,25.09.2021,   1.0000",,,
"150000,QD,02.10.2021,   1.3800",,,
"150000,QD,09.10.2021,   2.9000",,,
"150000,QD,16.10.2021,   2.8300",,,
"150000,QD,23.10.2021,   1.9000",,,
"150000,QD,30.10.2021,   2.2900",,,
"150000,QD,06.11.2021,   2.5900",,,
"150000,QD,13.11.2021,   1.9300",,,
"150000,QD,20.11.2021,   2.0100",,,
"150000,QD,27.11.2021,   1.4800",,,
"150000,QD,04.12.2021,   1.5700",,,
"150000,QD,11.12.2021,   1.6500",,,
"150000,QD,18.12.2021,   2.4300",,,
"150000,QD,25.12.2021,   1.6000",,,
